river,date,year,month,water_level,runoff,temp_max_observed,temp_min_observed,precip_observed,temp_source,precip_source,era5_grid,era5_t2m_mean,era5_t2m_min,era5_t2m_max,era5_tp_sum,era5_u10_mean,era5_v10_mean,era5_d2m_mean,era5_msl_mean
Mpanda,2008-12-01,2008,12,0.9261290322580648,11.76,21.306451612903224,11.264516129032256,125.1,RWEGURA,RWEGURA,grid_m3.00_29.50,18.94182565860217,12.320520000000045,27.70980000000003,173.93303020358,-0.4644713450137096,-0.3598809191740591,13.150960470430109,101280.641297043
Mpanda,2009-01-01,2009,1,0.8893548387096775,10.37,20.660000000000004,11.413333333333332,247.6,RWEGURA,RWEGURA,grid_m3.00_29.50,18.94403494623657,12.36318,27.46770000000004,412.48416818704,-0.3152977938966398,-0.3910127946576612,13.254311048387136,101331.01302419354
Mpanda,2009-02-01,2009,2,0.9182142857142858,5.41,20.575,11.0,205.8,RWEGURA,RWEGURA,grid_m3.00_29.50,18.212384270833358,12.389550000000042,25.90664000000004,308.504104704,-0.4896283602723214,-0.1610633301425595,13.9508185119048,101288.54663690476
Mpanda,2009-03-01,2009,3,0.9906451612903228,10.55,20.95483870967742,11.706451612903225,176.4,RWEGURA,RWEGURA,grid_m3.00_29.50,18.94901943548388,12.322530000000029,26.652000000000044,299.18193850808,-0.6786679095461021,-0.1571586157728494,14.34886318548388,101242.70546370967
Mpanda,2009-04-01,2009,4,1.164,5.6,20.453333333333333,11.203333333333331,181.6,RWEGURA,RWEGURA,grid_m3.00_29.50,18.195570527777814,12.981650000000002,25.14538000000005,382.3056232732,-0.8910121069247222,-0.0068261047044166,14.86947686111114,101437.370125
Mpanda,2009-05-01,2009,5,1.3270967741935482,5.15,19.335483870967742,11.370967741935484,248.2,RWEGURA,RWEGURA,grid_m3.00_29.50,18.27963881720433,12.221370000000036,25.23803000000004,219.89870090406,-0.7705776472096774,0.0078375088734543,14.247708642473128,101439.6848857527
Mpanda,2009-06-01,2009,6,0.7490000000000001,1.11,20.64,11.23,12.6,RWEGURA,RWEGURA,grid_m3.00_29.50,18.320157944444475,11.182520000000013,25.794430000000037,47.00136145186,-0.9855693395402778,0.2037701924680555,12.008246541666663,101532.98845833332
Mpanda,2009-07-01,2009,7,0.7216129032258066,0.45,21.00645161290323,10.503225806451614,0.5,RWEGURA,RWEGURA,grid_m3.00_29.50,18.391699368279543,10.385460000000023,27.1943,10.98966596272,-0.8194913359266129,0.7226813152950416,9.954098198924784,101612.25538978496
Mpanda,2009-08-01,2009,8,0.767741935483871,0.2,21.83548387096774,12.23548387096774,48.8,RWEGURA,RWEGURA,grid_m3.00_29.50,19.74446860215056,13.1216,27.420560000000023,32.65571575832,-0.5651459433101746,0.5298713567916666,11.240125739247333,101436.25275537634
Mpanda,2009-09-01,2009,9,0.6056666666666666,0.78,22.31,12.086666666666668,50.39999999999999,RWEGURA,RWEGURA,grid_m3.00_29.50,20.20127241666665,13.672330000000043,28.075770000000038,170.39012920692002,-0.584053654881,0.0916772418486111,12.272611305555586,101422.89655555556
Mpanda,2009-10-01,2009,10,0.8077419354838711,1.5,21.470967741935485,11.719354838709677,103.6,RWEGURA,RWEGURA,grid_m3.00_29.50,19.054816209677423,13.037869999999998,27.014730000000043,297.35660646714,-0.763029898733871,-0.4078815207795699,13.712433172043063,101316.75229166666
Mpanda,2009-11-01,2009,11,0.9133333333333332,7.66,20.766666666666666,11.87,239.40000000000003,RWEGURA,RWEGURA,grid_m3.00_29.50,18.519004430555583,13.022420000000013,25.427760000000035,398.74839653434,-0.4138682408963888,-0.2692257773412083,14.73237994444446,101363.83911111113
Mpanda,2009-12-01,2009,12,0.9467741935483872,8.75,20.40967741935484,11.870967741935484,127.1,RWEGURA,RWEGURA,grid_m3.00_29.50,18.368573548387133,13.066300000000012,26.23263000000003,401.12829190262,-0.4094502849126209,-0.2939236346111559,14.710552889784992,101419.44813172042
Mpanda,2010-01-01,2010,1,0.9561290322580648,9.13,21.567741935483877,11.935483870967742,265.7,RWEGURA,RWEGURA,grid_m3.00_29.50,19.246666962365623,13.600430000000015,29.31002000000001,332.82327602238,-0.2225412952310484,-0.4446470610349865,14.520231008064512,101404.35871639784
Mpanda,2010-02-01,2010,2,1.0314285714285714,4.18,21.76923076923077,12.52307692307692,235.6,RWEGURA,RWEGURA,grid_m3.00_29.50,19.45174263392857,14.34023000000002,29.79373000000004,402.08673446576,-0.3119182583147321,-0.2042334869491071,15.723215163690496,101360.7046205357
Mpanda,2010-03-01,2010,3,0.9958064516129032,5.8,20.97741935483871,12.13548387096774,206.6,RWEGURA,RWEGURA,grid_m3.00_29.50,19.158459462365613,13.310940000000016,27.633140000000022,350.71945263558,-0.5454851363808602,-0.2684532906865591,15.834908669354888,101447.06727150537
Mpanda,2010-04-01,2010,4,1.0843333333333334,8.56,,,,RWEGURA,RWEGURA,grid_m3.00_29.50,19.183891444444495,13.697900000000004,26.960170000000005,277.2278782138,-0.8577180438962501,-0.09406939609475,16.115129402777768,101428.4736875
Mpanda,2010-05-01,2010,5,0.7893548387096776,5.11,20.570967741935487,12.341935483870968,81.39999999999999,RWEGURA,RWEGURA,grid_m3.00_29.50,19.149447997311825,12.231650000000002,26.3904,142.44842510558,-0.8789861539774865,0.0867520200516129,14.39175055107529,101460.7407594086
Mpanda,2010-06-01,2010,6,0.656,1.78,20.640000000000004,11.886666666666668,142.6,RWEGURA,RWEGURA,grid_m3.00_29.50,18.877448833333347,11.703520000000026,26.236170000000016,30.17997739982,-0.7988997342305555,0.4444541705668056,12.202423930555597,101586.02026388887
Mpanda,2010-07-01,2010,7,0.5693548387096776,0.76,21.0483870967742,11.116129032258064,0.0,RWEGURA,RWEGURA,grid_m3.00_29.50,18.990527365591447,11.737360000000024,27.19442000000004,4.97388838622,-0.6234988136473117,0.7538614178274193,10.14696633064517,101522.58198252688
Mpanda,2010-08-01,2010,8,0.6500000000000002,0.68,22.316129032258065,11.17741935483871,0.0,RWEGURA,RWEGURA,grid_m3.00_29.50,20.69983881720429,11.43900000000002,28.21664000000004,22.71985964696,-0.384761584621008,0.92266748477957,8.54986973118281,101426.97133064516
Mpanda,2010-09-01,2010,9,0.7050000000000001,2.86,21.933333333333334,11.923333333333336,120.7,RWEGURA,RWEGURA,grid_m3.00_29.50,19.26963886111116,11.545620000000042,27.39547000000005,269.79589404542,-0.7244697357965277,0.0766720571069444,12.307008472222265,101360.67077083333
Mpanda,2010-10-01,2010,10,0.7293548387096777,9.67,22.17741935483871,12.287096774193548,111.6,RWEGURA,RWEGURA,grid_m3.00_29.50,19.70368416666668,12.941550000000008,28.150630000000035,278.22351482152,-0.49744606066459,-0.2489317600091397,13.20708658602149,101280.59077284946
Mpanda,2010-11-01,2010,11,0.8636666666666667,11.4,21.09,11.48,234.8,RWEGURA,RWEGURA,grid_m3.00_29.50,18.991222083333355,13.051600000000008,27.68636000000004,370.61000029956,-0.6205811400855555,-0.4558006706911111,14.172645097222244,101220.15775694443
Mpanda,2010-12-01,2010,12,0.8309677419354838,12.21,21.13870967741936,11.590000000000002,130.9,RWEGURA,RWEGURA,grid_m3.00_29.50,18.627597284946265,13.29955000000001,28.622640000000047,330.51395408064,-0.2936525039458333,-0.3055798111454973,14.180288575268833,101224.09632392474
Mpanda,2011-01-01,2011,1,1.1612903225806457,4.5,21.324137931034485,11.272413793103448,114.79999999999998,RWEGURA,RWEGURA,grid_m3.00_29.50,18.762667688172087,12.514900000000011,27.242760000000036,292.94156954579995,-0.2300810656198924,-0.3208323456565363,14.02241505376344,101196.4475873656
Mpanda,2011-02-01,2011,2,0.8392857142857145,3.2,21.353571428571428,11.364285714285714,144.79999999999998,RWEGURA,RWEGURA,grid_m3.00_29.50,18.97480486607145,12.196680000000017,29.33563000000004,229.268549816,-0.2027523866145833,-0.0409611768681547,14.050341607142856,101231.41361607144
Mpanda,2011-03-01,2011,3,0.9338709677419356,5.26,20.5741935483871,11.161290322580644,270.90000000000003,RWEGURA,RWEGURA,grid_m3.00_29.50,18.46810456989249,12.458900000000028,26.773920000000032,378.98349785228,-0.2259374842840054,-0.0030821516466129,14.516390994623691,101303.14166666668
Mpanda,2011-04-01,2011,4,0.8953333333333334,10.56,,,,RWEGURA,RWEGURA,grid_m3.00_29.50,18.219967513888943,12.840900000000032,25.60873000000004,370.2516558205,-0.9242433772236112,-0.0135948190515277,14.863950888888894,101334.3546736111
Mpanda,2011-05-01,2011,5,0.8209677419354842,10.19,19.98064516129032,11.538709677419355,141.30000000000004,RWEGURA,RWEGURA,grid_m3.00_29.50,18.40078241935487,12.826200000000028,26.46627000000001,221.4574821599,-0.9999209252742676,0.1022271190688172,14.329237782258076,101467.7504502688
Mpanda,2011-06-01,2011,6,0.7873333333333333,2.11,20.813333333333333,11.16,28.3,RWEGURA,RWEGURA,grid_m3.00_29.50,18.350735375000056,11.80758000000003,26.876980000000003,182.17229839186,-0.4506440895118472,0.3512956830233333,12.649635250000015,101511.37199305557
Mpanda,2011-07-01,2011,7,0.6993548387096774,0.71,21.22903225806452,10.606451612903223,20.6,RWEGURA,RWEGURA,grid_m3.00_29.50,18.35417956989249,11.628700000000038,26.01937000000004,77.5675768926,-0.3939667979491935,0.4870181118709677,11.422679825268858,101465.50372983872
Mpanda,2011-08-01,2011,8,0.7106451612903227,0.66,21.151612903225804,11.08064516129032,25.9,RWEGURA,RWEGURA,grid_m3.00_29.50,18.641465537634478,12.15634,26.896500000000003,143.99194758692,-0.2638807400431451,0.2368554337567204,12.676230416666726,101466.80934811827
Mpanda,2011-09-01,2011,9,0.7358620689655173,1.3,20.262500000000003,11.0,115.7,RWEGURA,RWEGURA,grid_m3.00_29.50,18.583126694444505,13.229200000000048,26.523500000000013,330.91068338452,-0.5120887118340278,-0.0992181388664722,13.518956194444456,101488.2306388889
Mpanda,2011-10-01,2011,10,0.774516129032258,5.89,,,,RWEGURA,RWEGURA,grid_m3.00_29.50,18.34530704301079,12.986540000000048,25.60050000000001,403.98931482984,-0.6031052983451612,-0.3329537515450269,13.867140497311825,101301.9980577957
Mpanda,2011-11-01,2011,11,1.0053333333333334,10.45,19.686666666666667,,,RWEGURA,RWEGURA,grid_m3.00_29.50,18.2065337638889,12.60232000000002,26.222920000000045,446.72680018048,-0.3728351576565277,-0.2470710325858333,14.497488694444428,101373.16894444443
Mpanda,2011-12-01,2011,12,1.278333333333333,11.22,20.841935483870973,,246.40000000000003,RWEGURA,RWEGURA,grid_m3.00_29.50,18.42524920698924,12.892970000000048,25.03200000000004,389.11819410786,-0.1678168093172043,-0.2899759348295699,14.626239784946222,101406.40276209678
Mpanda,2012-01-01,2012,1,1.3754838709677415,5.26,22.006451612903227,11.716129032258063,40.0,RWEGURA,RWEGURA,grid_m3.00_29.50,19.63298086021507,12.77108000000004,28.510640000000024,123.01492745802,0.2803985233942204,-0.5515402307310484,13.06906573924732,101301.87053763442
Mpanda,2012-02-01,2012,2,0.8213793103448275,3.07,21.117241379310343,11.324137931034482,123.7,RWEGURA,RWEGURA,grid_m3.00_29.50,19.19662932471266,12.714380000000006,29.01553000000001,226.26900702388,-0.2441511526241379,-0.2254076772293103,12.884933505747142,101186.57608477012
Mpanda,2012-03-01,2012,3,0.8793548387096771,9.53,21.56129032258065,11.503225806451612,62.900000000000006,RWEGURA,RWEGURA,grid_m3.00_29.50,19.259652405913982,13.060450000000005,28.76266000000004,234.79437976414,-0.3842362353276881,0.0288754949434139,14.268811922043028,101335.02844086022
Mpanda,2012-04-01,2012,4,1.0616666666666663,8.92,20.273333333333337,11.713333333333336,262.0,RWEGURA,RWEGURA,grid_m3.00_29.50,18.348333902777767,12.633399999999996,25.515100000000015,450.12998571078,-0.4538753718288889,-0.0506158398697222,15.31822744444446,101436.9389861111
Mpanda,2012-05-01,2012,5,1.0570967741935482,6.69,19.586666666666662,11.412903225806453,225.40000000000003,RWEGURA,RWEGURA,grid_m3.00_29.50,17.836091196236566,12.511220000000035,24.749480000000005,309.36527236996,-0.6986873995981183,-0.0427648077028225,14.62114125000005,101539.27023521508
Mpanda,2012-06-01,2012,6,0.9333333333333332,0.99,19.77,10.45,10.6,RWEGURA,RWEGURA,grid_m3.00_29.50,17.89421979166667,11.097740000000044,25.221220000000017,108.25538699458,-0.5079027808624306,0.3434793729033333,13.020473805555582,101610.02453472224
Mpanda,2012-07-01,2012,7,0.6561290322580646,0.37,,,,RWEGURA,RWEGURA,grid_m3.00_29.50,18.269869126344133,10.476650000000006,25.562550000000044,37.01972947348,-0.0239472336088709,0.5896719799994623,11.969231209677446,101498.66743951614
Mpanda,2012-08-01,2012,8,0.8019354838709677,0.19,20.82258064516129,,87.7,RWEGURA,RWEGURA,grid_m3.00_29.50,18.395072217741927,10.725549999999998,26.09790000000004,165.4031276077,-0.2364525326442204,0.2331128484508064,11.640353588709672,101513.79460349462
Mpanda,2012-09-01,2012,9,0.9143333333333332,1.4,21.56666666666667,,103.70000000000002,RWEGURA,RWEGURA,grid_m3.00_29.50,18.672675736111103,12.401640000000045,27.63094000000001,225.76809024564,-0.4812138235056944,-0.3017442065880555,12.892516694444453,101489.06625694444
Mpanda,2012-10-01,2012,10,0.921290322580645,3.12,21.42258064516129,,205.39999999999995,RWEGURA,RWEGURA,grid_m3.00_29.50,18.852660672043044,13.713770000000013,27.153279999999995,383.3129415867,-0.4849798765739516,-0.4529047521828495,13.9720855913979,101323.77248655914
Mpanda,2012-11-01,2012,11,0.9923333333333332,8.65,20.126666666666665,,203.40000000000003,RWEGURA,RWEGURA,grid_m3.00_29.50,18.317310458333395,12.549400000000048,25.650170000000003,372.1132261982,-0.5152550597327777,-0.4322107095326389,14.833821638888878,101406.23743055556
Mpanda,2012-12-01,2012,12,1.2664516129032255,13.96,20.40967741935484,,242.8,RWEGURA,RWEGURA,grid_m3.00_29.50,18.590586854838705,12.507900000000006,25.338700000000017,293.11013231398,-0.326970070752957,-0.3219173594454301,14.540060362903262,101354.90606182796
Mpanda,2013-01-01,2013,1,1.3258064516129031,5.31,21.812903225806448,11.261290322580642,215.19999999999996,RWEGURA,RWEGURA,grid_m3.00_29.50,19.660434327957034,13.196500000000016,28.4581,274.7602458088,-0.0561794147407258,-0.3776345404915323,14.78305322580644,101408.70315860216
Mpanda,2013-02-01,2013,2,1.0028571428571431,4.05,22.41071428571429,11.55714285714286,101.0,RWEGURA,RWEGURA,grid_m3.00_29.50,19.517835758928584,13.07650000000001,27.412260000000003,148.68259406632,-0.4390131164880952,-0.3920048985936011,13.919429598214322,101293.01835565476
Mpanda,2013-03-01,2013,3,1.1700000000000004,8.07,20.835483870967742,11.629032258064518,312.4,RWEGURA,RWEGURA,grid_m3.00_29.50,18.58241181451615,14.152700000000038,26.47980000000001,481.1658844351,-0.3465647336459677,-0.0601325501802419,15.416548387096782,101399.10932123657
Mpanda,2013-04-01,2013,4,1.7566666666666668,11.18,20.42,11.446666666666664,286.8,RWEGURA,RWEGURA,grid_m3.00_29.50,18.424255083333374,13.745570000000043,26.264760000000024,403.17487667198,-0.3632858059576389,-0.1612787456958333,15.7810611388889,101478.3577361111
Mpanda,2013-05-01,2013,5,1.4429032258064516,2.76,20.0,11.116129032258064,128.4,RWEGURA,RWEGURA,grid_m3.00_29.50,18.370337083333368,12.16840000000002,25.32113000000004,177.914619682,-0.904412628198656,-0.0348132347573924,14.3257471236559,101574.20147849464
Mpanda,2013-06-01,2013,6,1.2043333333333337,0.9,20.96333333333333,9.736666666666666,0.0,RWEGURA,RWEGURA,grid_m3.00_29.50,18.61332673611116,11.364250000000029,26.28134,22.84908282294,-0.3778565719194444,0.5475255537177778,11.806119291666676,101564.87111111112
Mpanda,2013-07-01,2013,7,1.0951612903225805,0.41,21.825806451612905,10.00967741935484,0.3,RWEGURA,RWEGURA,grid_m3.00_29.50,18.829961720430106,11.16640000000001,27.18398000000002,14.01519790198,0.0752448516365591,0.6944791331505376,10.855698427419384,101537.65340053765
Mpanda,2013-08-01,2013,8,1.1112903225806452,0.65,21.53225806451613,10.670967741935486,57.9,RWEGURA,RWEGURA,grid_m3.00_29.50,19.22514391129033,11.36062000000004,27.481100000000023,50.72259883598,-0.2536602974458736,0.4418772012271505,10.81087547043012,101434.235047043
Mpanda,2013-09-01,2013,9,1.1416666666666666,1.29,22.03333333333334,11.303333333333336,172.5,RWEGURA,RWEGURA,grid_m3.00_29.50,18.841037847222253,11.40990000000005,27.582300000000032,296.82850813134,-0.3105952156281945,-0.2050470347006944,13.325085333333334,101445.29869444444
Mpanda,2013-10-01,2013,10,1.1374193548387097,6.92,12.12,10.993548387096777,119.59999999999998,RWEGURA,RWEGURA,grid_m3.00_29.50,18.96286202956992,12.6241,27.58352000000002,253.48615702942,-0.5659058065112903,-0.3139278843558992,12.82184319892474,101388.81500672044
Mpanda,2013-11-01,2013,11,1.5196666666666667,6.39,20.300000000000004,11.345833333333331,117.1,RWEGURA,RWEGURA,grid_m3.00_29.50,18.4197171944445,13.324180000000013,26.14500000000004,347.39446681090004,-0.5099834236342361,-0.4919911901833333,13.98419508333336,101300.80366666667
Mpanda,2013-12-01,2013,12,1.6003225806451613,11.59,20.02903225806452,,295.29999999999995,RWEGURA,RWEGURA,grid_m3.00_29.50,18.45937888440864,13.306399999999996,26.85342000000003,443.46427925204,-0.228024248734543,-0.3458530877137769,14.664339301075302,101430.85928091398
Mpanda,2014-01-01,2014,1,1.5006451612903224,2.85,21.619354838709683,11.154838709677415,193.9,RWEGURA,RWEGURA,grid_m3.00_29.50,19.28442579301077,12.916280000000029,26.87630000000001,185.38141300134,-0.0942161321509408,-0.4417734871166666,14.073960416666694,101363.41293010752
Mpanda,2014-02-01,2014,2,1.2596428571428573,3.11,20.935714285714287,11.075,265.90000000000003,RWEGURA,RWEGURA,grid_m3.00_29.50,18.740738377976182,13.246180000000038,27.119700000000023,268.37730492146,0.2482597491339285,-0.0106025873284226,14.10247666666669,101285.0876934524
Mpanda,2014-03-01,2014,3,1.4799999999999998,8.01,21.46129032258065,11.351612903225808,221.6,RWEGURA,RWEGURA,grid_m3.00_29.50,19.011735470430157,12.96523000000002,26.043420000000022,363.4824753882,-0.3399872316944489,0.0063338333437365,14.82716411290329,101348.5540188172
Mpanda,2014-04-01,2014,4,1.4303333333333337,10.34,20.836666666666662,11.28,168.39999999999998,RWEGURA,RWEGURA,grid_m3.00_29.50,18.624694097222232,12.697750000000042,26.49523000000005,355.10492296372,-0.939389185651389,0.0211804280213888,14.802712180555602,101456.85764583333
Mpanda,2014-05-01,2014,5,1.2183870967741932,6.64,20.94193548387097,11.432258064516128,19.5,RWEGURA,RWEGURA,grid_m3.00_29.50,18.940750322580698,12.340599999999997,26.90408000000002,109.90571971578,-1.238785262326613,0.2838485262560484,13.497966021505365,101460.458077957
Mpanda,2014-06-01,2014,6,1.1880000000000002,1.38,20.92,10.84,19.5,RWEGURA,RWEGURA,grid_m3.00_29.50,18.90410318055558,12.804100000000004,26.692530000000037,75.88768033636,-0.5677516075208333,0.3761209186591667,12.883941736111126,101572.82716666668
Mpanda,2014-07-01,2014,7,1.1503225806451611,0.54,21.077419354838717,10.516129032258062,15.6,RWEGURA,RWEGURA,grid_m3.00_29.50,19.05889370967742,11.601980000000026,25.943230000000028,66.28370338266,-0.3091276641412634,0.6130780254217743,11.764632231182816,101668.81108870968
Mpanda,2014-08-01,2014,8,1.1548387096774193,0.25,,10.516129032258062,48.5,RWEGURA,RWEGURA,grid_m3.00_29.50,18.74294473118283,12.56143000000003,25.95236,188.6448859304,-0.2237608707067204,0.1803263391498655,13.089861196236598,101548.40719086022
Mpanda,2014-09-01,2014,9,1.1883333333333332,0.21,22.62,10.93666666666667,111.0,RWEGURA,RWEGURA,grid_m3.00_29.50,18.935535972222223,13.054400000000044,27.697230000000047,219.55013214694,-0.7399068830622222,-0.0844775098071527,12.876903263888948,101480.52777777778
Mpanda,2014-10-01,2014,10,1.340322580645162,2.86,21.39354838709677,11.403225806451612,270.00000000000006,RWEGURA,RWEGURA,grid_m3.00_29.50,18.94081959677419,13.17324000000002,26.68923000000001,439.85271468026,-0.6023519983864247,-0.2298559567673387,14.159437311827958,101394.40662634408
Mpanda,2014-11-01,2014,11,1.2959999999999998,12.62,20.58,11.08666666666667,189.3,RWEGURA,RWEGURA,grid_m3.00_29.50,18.438373152777785,13.173760000000016,26.54860000000002,361.71150178578,-0.6303537372705555,-0.4529169293513458,14.744591444444495,101384.8205
Mpanda,2014-12-01,2014,12,1.3361290322580643,10.62,20.91935483870968,11.1,246.7,RWEGURA,RWEGURA,grid_m3.00_29.50,18.87530110215056,13.218530000000044,26.711700000000008,477.6859264526401,-0.233832828657258,-0.4757121919281061,14.850843172043028,101431.48546370969
Mpanda,2015-01-01,2015,1,1.389677419354839,3.44,21.474193548387102,11.535483870967742,122.7,RWEGURA,RWEGURA,grid_m3.00_29.50,18.91567555107531,12.61862000000002,26.44515000000001,198.76050967882,0.5530050911090995,-0.2706054977076613,14.078536693548417,101450.38521505376
Mpanda,2015-02-01,2015,2,1.4621428571428567,4.96,21.932142857142857,11.578571428571433,101.7,RWEGURA,RWEGURA,grid_m3.00_29.50,19.112256130952403,13.225120000000004,27.314540000000022,191.00856834402,-0.1282568439876488,-0.4039078450934524,14.324061056547636,101308.2633184524
Mpanda,2015-03-01,2015,3,1.4316129032258065,6.67,20.75333333333333,11.712903225806448,205.6,RWEGURA,RWEGURA,grid_m3.00_29.50,19.19474197580649,13.293480000000043,27.672750000000008,322.23510829076,-0.506925439769086,-0.2268007749927419,15.002551276881718,101341.06363575268
Mpanda,2015-04-01,2015,4,1.530333333333333,20.76,20.33,11.446666666666664,270.0,RWEGURA,RWEGURA,grid_m3.00_29.50,18.512651486111167,13.561059999999998,25.995750000000044,328.82499694344006,-0.27192692201,-0.171137492505,15.695980972222287,101518.9976597222
Mpanda,2015-05-01,2015,5,1.5048387096774198,5.2,20.374193548387098,11.448387096774193,174.70000000000002,RWEGURA,RWEGURA,grid_m3.00_29.50,18.832425107526888,12.81170000000003,25.457940000000008,157.57131595304,-0.7546734963819892,0.0217311617059408,15.18184375000004,101584.05282930109
Mpanda,2015-06-01,2015,6,1.336666666666667,0.75,20.823333333333323,11.360000000000005,32.6,RWEGURA,RWEGURA,grid_m3.00_29.50,18.725297833333343,12.707670000000007,25.58358000000004,108.68167902104,-0.1043392398066666,0.2097128976633333,13.918035694444429,101614.91515277776
Mpanda,2015-07-01,2015,7,1.1616129032258058,0.31,21.916129032258063,10.848387096774196,0.0,RWEGURA,RWEGURA,grid_m3.00_29.50,18.99968822580649,10.24612000000002,26.463130000000035,18.16415760384,-0.4860247337103494,0.3653197939545699,12.01055342741938,101601.6800201613
Mpanda,2015-08-01,2015,8,1.1425806451612903,0.15,23.05161290322581,11.332258064516123,0.0,RWEGURA,RWEGURA,grid_m3.00_29.50,20.155952889785,11.876300000000017,28.83566000000002,11.72399522956,-0.5361394782427016,0.4099477125604839,10.974753024193603,101482.43274193548
Mpanda,2015-09-01,2015,9,1.1679999999999997,0.33,22.780000000000005,11.93,103.8,RWEGURA,RWEGURA,grid_m3.00_29.50,20.258019388888897,14.166830000000004,28.081320000000005,123.22425852336,-0.6583858692907556,-0.2193667943694833,13.31346862500004,101420.8569375
Mpanda,2015-10-01,2015,10,1.3706451612903223,1.73,21.68387096774193,11.758064516129032,165.4,RWEGURA,RWEGURA,grid_m3.00_29.50,19.252736236559144,14.48684000000003,28.238400000000013,456.73084321936,-0.520454940711344,-0.4365563137596774,15.25130013440861,101445.5745295699
Mpanda,2015-11-01,2015,11,1.4236666666666664,5.73,20.493333333333336,11.313333333333334,303.90000000000003,RWEGURA,RWEGURA,grid_m3.00_29.50,18.76833301388893,12.156150000000023,26.778740000000028,407.86814632076,-0.3389333300079167,-0.3256287683243055,15.584878625000044,101434.46861805556
Mpanda,2015-12-01,2015,12,1.574838709677419,6.17,21.225806451612904,11.835483870967735,147.5,RWEGURA,RWEGURA,grid_m3.00_29.50,19.18680981182797,13.798000000000002,27.65225000000004,263.89551170272,-0.2468822639383064,-0.3983844634401882,15.563462473118308,101551.00811827958
Mpanda,2016-01-01,2016,1,1.451290322580645,2.67,21.5483870967742,12.245161290322583,301.5,RWEGURA,RWEGURA,grid_m3.00_29.50,19.56696936827956,13.807460000000049,27.39813000000004,293.93911242678,0.133114947650672,-0.3487482988778225,16.103565483871023,101499.65063844089
Mpanda,2016-02-01,2016,2,1.4706896551724136,9.27,21.75172413793103,12.279310344827588,198.50000000000003,RWEGURA,RWEGURA,grid_m3.00_29.50,19.54660574712648,13.348780000000032,27.56234000000001,317.98887140132,0.0053243086920977,-0.3291835342721264,15.631270201149448,101422.17645833331
Mpanda,2016-03-01,2016,3,1.425483870967742,8.09,22.422580645161293,12.493548387096771,215.80000000000004,RWEGURA,RWEGURA,grid_m3.00_29.50,20.20411041666665,14.242150000000038,28.591520000000003,220.56674962152,-0.4076185005907258,-0.2466611758240188,16.069779986559183,101386.05206317204
Mpanda,2016-04-01,2016,4,1.4673333333333332,6.87,20.88666666666667,12.546666666666663,219.0,RWEGURA,RWEGURA,grid_m3.00_29.50,19.22879712500003,14.7543,25.73690000000005,503.92770629438,-0.4729844832001388,-0.0304708261893055,16.886174083333344,101490.67865972222
Mpanda,2016-05-01,2016,5,1.4325806451612904,6.29,21.03870967741935,11.98709677419355,51.8,RWEGURA,RWEGURA,grid_m3.00_29.50,19.57148715053768,13.99350000000004,26.66348000000005,100.63219149414,-0.5763107219284946,0.2706764005787769,14.789052930107571,101614.99693548388
Mpanda,2016-06-01,2016,6,1.3550000000000004,1.06,20.73,10.45,0.0,RWEGURA,RWEGURA,grid_m3.00_29.50,18.847417888888916,11.7466,25.814570000000003,53.9212230894,-0.5619349800748611,0.4593471800756944,12.931064500000048,101715.13031944443
Mpanda,2016-07-01,2016,7,1.2939999999999998,0.4,21.806451612903224,10.461290322580648,0.0,RWEGURA,RWEGURA,grid_m3.00_29.50,19.259414986559136,11.459280000000035,25.95898,20.78342437738,-0.073256420659961,0.7889736752896506,12.158894099462373,101582.51084005376
Mpanda,2016-08-01,2016,8,1.273870967741935,0.44,22.483870967741947,10.587096774193547,6.0,RWEGURA,RWEGURA,grid_m3.00_29.50,19.70888524193549,12.828200000000038,27.963340000000017,48.49529230782,-0.5039462234850807,0.4910236909052419,11.251424852150535,101529.50876344086
Mpanda,2016-09-01,2016,9,1.3633333333333333,0.95,,,,RWEGURA,RWEGURA,grid_m3.00_29.50,20.305827222222263,14.098839999999996,28.83032000000003,192.78621609972,-0.4445196363162499,0.0216655955318055,12.612979402777796,101437.98515972222
Mpanda,2016-10-01,2016,10,1.434516129032258,4.91,22.60967741935484,11.625806451612902,119.9,RWEGURA,RWEGURA,grid_m3.00_29.50,19.99052006720433,14.555750000000046,28.403220000000037,311.5968706979,-0.5726644243711156,-0.3723111295504435,13.984317002688158,101314.79965053764
Mpanda,2016-11-01,2016,11,1.3496666666666668,11.1,20.813333333333333,11.07,238.79999999999995,RWEGURA,RWEGURA,grid_m3.00_29.50,18.720552194444508,13.178300000000036,26.02328,316.31422080852,-0.4850731958716666,-0.5642731572180555,14.763948374999984,101404.6755763889
Mpanda,2016-12-01,2016,12,1.311935483870968,8.38,21.5741935483871,11.235483870967744,59.60000000000001,RWEGURA,RWEGURA,grid_m3.00_29.50,19.09120001344087,13.167200000000037,27.44640000000004,151.67856275352003,-0.5608512916981183,-0.611279273678629,13.988906276881778,101363.67886424733
Mpanda,2017-01-01,2017,1,1.4003225806451611,7.42,21.82258064516129,11.406451612903224,126.8,RWEGURA,RWEGURA,grid_m3.00_29.50,19.7530587903226,14.11056000000002,27.79803000000004,153.03421064416,-0.1469854530148521,-0.4631842341391129,13.630668239247314,101320.63360887096
Mpanda,2017-02-01,2017,2,1.4260714285714289,7.5,21.375,11.553571428571429,144.59999999999997,RWEGURA,RWEGURA,grid_m3.00_29.50,18.922071249999988,12.879140000000008,26.616360000000043,334.5341685852,-0.207180431563988,-0.2491228939839881,14.93795636904764,101361.17696428573
Mpanda,2017-03-01,2017,3,1.4361290322580644,6.37,20.98064516129033,11.258064516129034,235.0,RWEGURA,RWEGURA,grid_m3.00_29.50,18.800518830645217,13.227779999999996,26.585230000000024,312.38985135914,-0.4007041688267473,-0.0872170855077957,14.937396612903283,101369.03211693549
Mpanda,2017-04-01,2017,4,1.435333333333333,13.04,19.96,11.573333333333332,104.2,RWEGURA,RWEGURA,grid_m3.00_29.50,18.672846083333354,13.689020000000028,25.52334000000002,284.59167503244,-0.9570975413555556,0.0255266729090277,15.332881138888922,101449.824625
Mpanda,2017-05-01,2017,5,1.4109677419354838,6.01,19.62258064516129,11.17666666666667,123.3,RWEGURA,RWEGURA,grid_m3.00_29.50,18.809794946236597,13.115200000000016,26.651640000000043,188.56429982302,-1.0942783772432796,0.1092000941249704,14.519117594086085,101578.7352016129
Mpanda,2017-06-01,2017,6,1.331666666666667,1.35,21.48666666666667,10.996666666666668,0.0,RWEGURA,RWEGURA,grid_m3.00_29.50,19.48419456944447,12.085530000000006,26.985299999999995,15.763282728479998,-0.866462198454861,0.4332107958979166,12.630549652777802,101527.66244444445
Mpanda,2017-07-01,2017,7,1.2822580645161292,0.47,21.306451612903224,10.980645161290326,0.0,RWEGURA,RWEGURA,grid_m3.00_29.50,19.481954865591437,12.762350000000026,28.01702,28.28788762398,-0.0840106066240591,0.6197912556854839,12.159047190860235,101605.02999999998
Mpanda,2017-08-01,2017,8,1.3787096774193552,0.78,21.79032258064516,11.516129032258066,51.5,RWEGURA,RWEGURA,grid_m3.00_29.50,19.31919884408603,13.221730000000036,26.29570000000001,194.54765338414,-0.2492661999556451,0.3515659671700268,13.50749331989249,101489.66445564516
Mpanda,2017-09-01,2017,9,1.442666666666667,0.18,22.19333333333334,11.172413793103448,230.5,RWEGURA,RWEGURA,grid_m3.00_29.50,19.42209231944446,12.875400000000012,26.90432000000004,286.70930794384,-0.3736551907438888,-0.0478182914423611,13.728302805555586,101458.26597222222
Mpanda,2017-10-01,2017,10,1.3738709677419356,3.29,22.45483870967742,11.838709677419352,146.4,RWEGURA,RWEGURA,grid_m3.00_29.50,19.703307876344127,13.428980000000024,28.230920000000022,349.32517902444,-0.5454595294209678,-0.2903781411987365,14.201773696236614,101346.18584005376
Mpanda,2017-11-01,2017,11,1.542,7.86,20.98,11.23,204.1,RWEGURA,RWEGURA,grid_m3.00_29.50,18.891382930555608,13.624300000000003,26.01060000000001,321.5017304344,-0.5257272867229167,-0.3406958058613888,14.874836611111109,101369.27735416664
Mpanda,2017-12-01,2017,12,1.476129032258065,11.43,21.541935483870965,11.551612903225806,89.89999999999999,RWEGURA,RWEGURA,grid_m3.00_29.50,19.245657231182804,13.657830000000049,27.075900000000047,290.52257543786,-0.3614126236252687,-0.3979711843469892,14.90135956989252,101357.62470430108
Mpanda,2018-01-01,2018,1,1.4793548387096775,8.75,19.84193548387097,11.03,223.9,RWEGURA,RWEGURA,grid_m3.00_29.50,17.954987016129053,13.002280000000042,24.96365000000003,348.52194717914,0.4087013202412634,-0.0984027001872312,14.667783991935494,101420.70183467744
Mpanda,2018-02-01,2018,2,1.5010714285714286,5.64,21.735714285714288,11.710714285714287,118.1,RWEGURA,RWEGURA,grid_m3.00_29.50,19.41839120535718,13.466030000000046,26.616360000000043,261.73877789696,-0.2152422964324404,-0.2678998989146726,15.143744360119058,101248.17217261906
Mpanda,2018-03-01,2018,3,1.5748387096774192,6.41,20.04838709677419,11.5,223.9,RWEGURA,RWEGURA,grid_m3.00_29.50,18.68381346774197,13.430630000000008,25.784880000000044,284.78956251552,-0.013043844388172,0.0296297387809139,15.00318329301075,101404.47396505377
Mpanda,2018-04-01,2018,4,1.7079999999999995,7.4,19.76,11.42333333333333,419.1,RWEGURA,RWEGURA,grid_m3.00_29.50,18.273823013888943,13.61080000000004,25.105430000000013,486.79733327512,-0.2128262830731944,0.0171073220397222,15.643366861111131,101485.5749236111
Mpanda,2018-05-01,2018,5,1.4648387096774191,8.86,19.96451612903226,11.129032258064514,186.4,RWEGURA,RWEGURA,grid_m3.00_29.50,18.80268829301076,11.178430000000048,25.81942000000004,166.84484481724,-0.7582203046958333,0.1332109700689516,15.002079206989263,101534.45961693548
Mpanda,2018-06-01,2018,6,1.349666666666667,2.37,21.186666666666667,9.92,25.5,RWEGURA,RWEGURA,grid_m3.00_29.50,18.841513333333356,11.391750000000002,26.639670000000024,23.99253839984,-0.5051589750252777,0.4922996516638888,12.441554708333342,101641.43551388888
Mpanda,2018-07-01,2018,7,1.4264516129032256,0.93,20.280645161290323,9.56774193548387,15.0,RWEGURA,RWEGURA,grid_m3.00_29.50,18.659973481182817,10.77950000000004,26.32363000000004,19.65904231376,-0.6893089447634408,0.638404896019086,11.23676081989248,101702.28184811828
Mpanda,2018-08-01,2018,8,1.4987096774193545,0.5,21.15806451612903,10.670967741935485,83.99999999999999,RWEGURA,RWEGURA,grid_m3.00_29.50,19.012723615591423,12.326440000000048,26.58468000000005,226.65071465466,-0.4230389546921774,0.1887164376182258,13.020184865591432,101598.05151209678
Mpanda,2018-09-01,2018,9,1.4256666666666666,1.24,22.566666666666663,11.626666666666669,49.3,RWEGURA,RWEGURA,grid_m3.00_29.50,20.361276513888924,13.698050000000023,29.683250000000044,85.21986004696,-0.866853502943111,-0.16254543842625,13.162120430555548,101336.1563125
Mpanda,2018-10-01,2018,10,1.562258064516129,9.96,21.419354838709676,11.367741935483872,207.29999999999995,RWEGURA,RWEGURA,grid_m3.00_29.50,19.60903077956993,12.93786,27.93215000000004,358.12187213936,-0.6015804050692204,-0.293800702581586,14.449751465053794,101416.72117607528
Mpanda,2018-11-01,2018,11,1.5563333333333331,7.36,21.313333333333336,11.64666666666667,175.10000000000002,RWEGURA,RWEGURA,grid_m3.00_29.50,19.150770138888905,13.25410000000005,26.87673000000001,284.38138947414,-0.5705679824658334,-0.3774101055720833,15.184943847222256,101384.5758888889
Mpanda,2018-12-01,2018,12,1.5903225806451613,18.34,20.60645161290322,11.048387096774196,217.7,RWEGURA,RWEGURA,grid_m3.00_29.50,18.628119731182835,13.54934000000003,26.525540000000035,400.7372859216,-0.2225857598487164,-0.3131409097809139,15.16420137096776,101497.4802688172
Mpanda,2019-01-01,2019,1,1.6041935483870966,4.83,21.88064516129032,11.396774193548383,260.50000000000006,RWEGURA,RWEGURA,grid_m3.00_29.50,19.428969704301096,13.660420000000045,27.72335000000004,266.58868780816,-0.1991575105954973,-0.2891518179680107,14.90972650537634,101453.62059811829
Mpanda,2019-02-01,2019,2,1.5035714285714283,8.34,21.73928571428572,11.717857142857142,102.9,RWEGURA,RWEGURA,grid_m3.00_29.50,19.759012291666693,13.071500000000016,27.87368000000004,197.12352752626,-0.3718350514489583,-0.2693440116191473,14.970682038690484,101383.42938988094
Mpanda,2019-03-01,2019,3,1.503548387096774,9.62,21.864516129032264,11.483870967741936,210.2,RWEGURA,RWEGURA,grid_m3.00_29.50,19.349269112903244,12.686460000000013,27.32787000000002,252.44140642682,-0.2550952675083333,-0.2555436160837365,15.0042002150538,101409.96661962366
Mpanda,2019-04-01,2019,4,,10.92,21.46333333333333,11.989999999999998,274.99999999999994,RWEGURA,RWEGURA,grid_m3.00_29.50,19.47623729166668,13.712580000000004,26.65930000000003,376.25694288916,-0.5720310847350001,0.0663329230081944,15.947603736111148,101416.84270833334
Mpanda,2019-05-01,2019,5,1.5751612903225811,4.9,20.10322580645161,11.95483870967742,111.0,RWEGURA,RWEGURA,grid_m3.00_29.50,18.894928077957047,13.59110000000004,25.008230000000022,230.76725025904,-0.9851078311384408,0.0972835168127688,16.121331922043055,101529.77185483872
Mpanda,2019-06-01,2019,6,1.461,1.21,20.043333333333333,10.8448275862069,49.49999999999999,RWEGURA,RWEGURA,grid_m3.00_29.50,18.790196458333355,13.016800000000046,25.042700000000025,89.06793585215999,-0.0685375254631944,0.5084645373271806,14.5781282916667,101665.3525
Mpanda,2019-07-01,2019,7,1.4454838709677418,0.5,20.974193548387092,10.661290322580648,0.0,RWEGURA,RWEGURA,grid_m3.00_29.50,18.708536034946235,11.508939999999996,25.85128000000003,86.14635434578,-0.1443931617614247,0.4762357689981182,12.985201357526932,101575.39340053764
Mpanda,2019-08-01,2019,8,1.4329032258064516,0.25,22.074193548387097,11.203225806451613,66.9,RWEGURA,RWEGURA,grid_m3.00_29.50,19.620426666666678,12.323500000000024,27.866360000000043,82.90386177330001,-0.4309735456124999,0.3473417847187365,13.011394811827984,101595.27641801076
Mpanda,2019-09-01,2019,9,1.5586666666666666,0.44,21.923333333333336,11.533333333333337,72.1,RWEGURA,RWEGURA,grid_m3.00_29.50,19.996263069444467,13.56110000000001,27.715599999999995,168.8241960884,-0.5224131692014444,-0.0697603862333333,13.695423819444445,101441.223625
Mpanda,2019-10-01,2019,10,1.6709677419354831,1.63,19.193548387096776,10.606451612903228,317.19999999999993,RWEGURA,RWEGURA,grid_m3.00_29.50,18.748790215053816,13.54427000000004,26.979030000000023,531.71634731644,-0.6902790280786962,-0.2753805555189516,14.734059233870994,101374.81135080644
Mpanda,2019-11-01,2019,11,1.650666666666667,8.37,20.33,11.236666666666668,254.3,RWEGURA,RWEGURA,grid_m3.00_29.50,18.887349263888893,13.47213000000005,26.75753000000003,355.40533030434,-0.46699400965125,-0.3073675579530972,14.749413444444428,101344.7624375
Mpanda,2019-12-01,2019,12,1.6854838709677418,7.09,20.8,10.986206896551725,338.40000000000003,RWEGURA,RWEGURA,grid_m3.00_29.50,18.885359233870982,12.986050000000034,26.642100000000028,516.05510707224,0.0432574157062634,-0.2110439215010753,15.857122916666697,101444.84826612905
Mpanda,2020-01-01,2020,1,1.6222580645161293,6.76,21.11935483870968,11.59032258064516,336.8,RWEGURA,RWEGURA,grid_m3.00_29.50,19.40603189516133,13.651880000000006,27.851530000000025,267.27199599336,0.1829251664267473,-0.4519933256001344,15.66189352150542,101482.4869153226
Mpanda,2020-02-01,2020,2,1.6044827586206902,4.33,21.772413793103446,11.810344827586208,200.6,RWEGURA,RWEGURA,grid_m3.00_29.50,19.821870244252864,14.060270000000004,28.64333000000005,322.00575042932,-0.2214756790498563,-0.4295811925378736,15.62457498563225,101467.60468390804
Mpanda,2020-03-01,2020,3,1.6358064516129032,4.32,21.44516129032257,11.725806451612904,325.6,RWEGURA,RWEGURA,grid_m3.00_29.50,19.533550954301063,13.97732000000002,26.24502000000001,439.48221115324,-0.1505069040524193,-0.1684204226098118,16.147595470430133,101449.5703830645
Mpanda,2020-04-01,2020,4,1.6499999999999997,10.64,20.886666666666667,11.883333333333333,409.3,RWEGURA,RWEGURA,grid_m3.00_29.50,19.199283208333384,13.701300000000003,26.44900000000001,417.5653464344,-0.5379112027705556,-0.0618271707661111,16.282605972222257,101536.24481944444
Mpanda,2020-05-01,2020,5,1.5141935483870974,12.46,20.95806451612903,11.26774193548387,126.7,RWEGURA,RWEGURA,grid_m3.00_29.50,19.550276680107515,12.598839999999996,27.122550000000047,142.37022407468,-0.9023467655255376,0.0564275315024462,14.88260380376346,101649.73620967742
Mpanda,2020-06-01,2020,6,1.4546666666666668,1.16,20.35666666666667,10.446666666666664,0.0,RWEGURA,RWEGURA,grid_m3.00_29.50,19.24855504166669,12.349730000000022,27.22592000000003,86.48204769908,-0.3599377735684722,0.4205570432179722,13.983402694444464,101633.42284027777
Mpanda,2020-07-01,2020,7,1.450322580645161,0.43,20.583870967741937,9.716129032258063,0.0,RWEGURA,RWEGURA,grid_m3.00_29.50,18.77338489247313,10.881860000000016,26.76052000000004,20.5116271896,-0.1608221174900537,0.7183210328956989,13.167195053763464,101547.14308467742
Mpanda,2020-08-01,2020,8,1.451290322580645,0.36,22.62903225806452,10.861290322580649,45.5,RWEGURA,RWEGURA,grid_m3.00_29.50,20.33634182795703,12.65115000000003,28.00756000000001,45.78876492894,-0.2403511332052419,0.4430457078848118,13.130546411290313,101440.16069892474
Mpanda,2020-09-01,2020,9,1.4113333333333338,0.43,22.05333333333333,10.95666666666667,65.89999999999999,RWEGURA,RWEGURA,grid_m3.00_29.50,20.08632151388889,12.86587000000003,28.655050000000017,172.25694670598,-0.3172510996395833,0.1648419474388889,13.689017555555552,101403.564875
Mpanda,2020-10-01,2020,10,1.4370967741935488,2.05,,,311.2,RWEGURA,RWEGURA,grid_m3.00_29.50,19.531322513440895,13.215480000000014,27.975600000000043,333.00924366336,-0.458876230997715,-0.1617050217338709,14.135749112903284,101402.4213844086
Mpanda,2020-11-01,2020,11,1.529666666666667,4.83,20.706666666666667,10.973333333333334,300.40000000000003,RWEGURA,RWEGURA,grid_m3.00_29.50,19.11622363888887,13.85555000000005,26.42697000000004,326.87044105982,-0.3886769896348055,-0.4362917159347222,15.156088486111116,101438.17733333334
Mpanda,2020-12-01,2020,12,1.4790322580645157,9.87,21.55161290322581,11.003225806451612,206.7,RWEGURA,RWEGURA,grid_m3.00_29.50,19.54228943548389,13.576170000000047,27.556500000000028,249.97234485484,-0.2125123343360215,-0.4961612041817204,14.647203750000015,101407.40475806451
Mpanda,2021-01-01,2021,1,1.5848387096774192,5.85,21.167741935483868,10.761290322580646,175.99999999999997,RWEGURA,RWEGURA,grid_m3.00_29.50,19.05877220430108,13.28866000000005,27.177580000000034,289.33525093378,-0.1240298250567204,-0.5128080101536291,14.507512056451615,101384.4130577957
Mpanda,2021-02-01,2021,2,1.580357142857143,6.86,21.435714285714283,11.267857142857142,313.8,RWEGURA,RWEGURA,grid_m3.00_29.50,19.195235252976204,13.860500000000002,27.637320000000045,315.64664917194,0.0396614529942857,-0.1519345097341071,15.002526160714297,101393.78992559524
Mpanda,2021-03-01,2021,3,1.65,5.15,20.952,10.97741935483871,197.3,RWEGURA,RWEGURA,grid_m3.00_29.50,19.00339495967745,12.245140000000047,27.199900000000014,302.76036219138,-0.4627045664554355,-0.2465106587537634,14.784555685483896,101316.24151209678
Mpanda,2021-04-01,2021,4,1.658333333333333,10.1,,10.913333333333332,224.6,RWEGURA,RWEGURA,grid_m3.00_29.50,18.864708458333386,13.504170000000045,26.19198,449.35035867252,-0.8347856517391666,-0.0664902795448611,15.98032481944449,101478.81790277778
Mpanda,2021-05-01,2021,5,,4.71,,11.180645161290323,113.7,RWEGURA,RWEGURA,grid_m3.00_29.50,19.19530555107525,12.827750000000036,26.488580000000013,300.1604082251,-0.6869685465652688,0.0844376463647849,15.475699744623682,101561.04117607528
Mpanda,2021-06-01,2021,6,,1.19,,10.393333333333334,2.3,RWEGURA,RWEGURA,grid_m3.00_29.50,19.31292148611118,11.889370000000042,26.922020000000032,27.39524840846,-0.7641264817856945,0.2945753104277778,13.029373069444487,101599.85446527778
Mpanda,2021-07-01,2021,7,,0.59,,9.793548387096775,8.3,RWEGURA,RWEGURA,grid_m3.00_29.50,19.23535474462369,11.50890000000004,26.19100000000003,18.696308122500003,-0.3633728441034946,0.981152420891129,11.97608862903229,101690.10108198924
Mpanda,2021-08-01,2021,8,,0.63,,10.993548387096771,69.80000000000001,RWEGURA,RWEGURA,grid_m3.00_29.50,19.47823783602155,12.45577000000003,28.101920000000007,172.0609660155,-0.3754263440208333,0.2227052841342742,13.178636975806512,101537.1311155914
Mpanda,2021-09-01,2021,9,,0.34,,10.86896551724138,102.4,RWEGURA,RWEGURA,grid_m3.00_29.50,19.61620338888889,13.62990000000002,27.751180000000037,198.75907819332,-0.4457243809611111,-0.0124637129043055,13.896796652777825,101444.7350625
Mpanda,2021-10-01,2021,10,,0.4,,11.19,155.70000000000002,RWEGURA,RWEGURA,grid_m3.00_29.50,19.87684543010755,13.24980000000005,27.799860000000024,308.53509804134,-0.3662883189779032,-0.2588183079013441,14.837758736559124,101379.9439516129
Mpanda,2021-11-01,2021,11,,4.44,,11.096666666666668,130.9,RWEGURA,RWEGURA,grid_m3.00_29.50,19.45324880555557,14.122950000000005,28.886870000000044,247.91383712018,-0.4465833451495833,-0.4649450731319444,14.092232916666717,101350.58704166667
Mpanda,2021-12-01,2021,12,,5.02,,11.322580645161288,152.50000000000003,RWEGURA,RWEGURA,grid_m3.00_29.50,18.973382862903293,14.337550000000022,25.977720000000037,324.82433435394,-0.5761106751063172,-0.4878525690399596,15.341039704301068,101404.41474462365
Mpanda,2022-01-01,2022,1,,2.9,22.27857142857143,11.012903225806449,144.2,RWEGURA,RWEGURA,grid_m3.00_29.50,19.4213015322581,14.11984000000001,28.546040000000005,281.45408562114,0.0146050612798387,-0.4248638357155914,14.559370416666695,101398.79502688172
Mpanda,2022-02-01,2022,2,,1.9,22.085714285714285,10.825,239.5,RWEGURA,RWEGURA,grid_m3.00_29.50,18.58020977678575,13.613800000000026,25.803920000000005,302.30236208894,0.2577075747398155,-0.24194633378125,15.051788556547647,101426.72789434524
Mpanda,2022-03-01,2022,3,,4.65,23.5741935483871,11.048387096774194,218.7,RWEGURA,RWEGURA,grid_m3.00_29.50,19.46814341397851,12.49484000000001,27.407920000000047,278.71084188306,-0.3992942476196236,-0.3612562412973119,14.952246021505402,101282.1780577957
Mpanda,2022-04-01,2022,4,,5.63,22.03333333333333,11.133333333333333,241.99999999999997,RWEGURA,RWEGURA,grid_m3.00_29.50,19.06852780555556,13.530730000000004,26.50740000000002,337.1453276049,-0.6369950617830555,-0.1534930340155555,15.692776305555585,101345.89361111113
Mpanda,2022-05-01,2022,5,,4.12,21.76774193548387,11.193548387096772,102.8,RWEGURA,RWEGURA,grid_m3.00_29.50,19.26591280913982,13.717740000000047,25.732320000000016,157.79447613809998,-0.6932423505018818,-0.0526242619077419,15.13171821236557,101583.32679435484
Mpanda,2022-06-01,2022,6,,0.55,21.34,9.89655172413793,2.2,RWEGURA,RWEGURA,grid_m3.00_29.50,18.737948861111136,11.519620000000032,26.474400000000003,16.04270936228,-0.7989447881905556,0.3222574462811111,12.762333500000013,101562.0960902778
Mpanda,2022-07-01,2022,7,,0.23,22.28387096774193,9.987096774193548,19.5,RWEGURA,RWEGURA,grid_m3.00_29.50,19.380240793010785,11.274260000000028,26.68633,73.91595781414,-0.4266200534120967,0.7904201841923387,11.666264919354887,101600.90139112904
Mpanda,2022-08-01,2022,8,,0.11,22.638709677419357,10.793548387096775,53.8,RWEGURA,RWEGURA,grid_m3.00_29.50,19.193336760752743,12.609770000000026,26.62826000000001,183.95709943142,-0.0973740647702957,0.3041048553354838,13.626221599462385,101466.6338373656
Mpanda,2022-09-01,2022,9,,1.35,22.723333333333336,10.89655172413793,140.5,RWEGURA,RWEGURA,grid_m3.00_29.50,19.373946777777803,13.42147,27.03182000000004,186.51103983326,-0.3416015827704166,-0.1106678444005555,13.965695319444478,101430.30123611112
Mpanda,2022-10-01,2022,10,,1.87,21.92758620689655,11.412903225806453,130.99999999999997,RWEGURA,RWEGURA,grid_m3.00_29.50,20.14716991935489,13.450900000000049,28.51278000000002,137.15982491,-0.4876751858264516,-0.2476107879038978,13.323206424731213,101332.10880376345
Mpanda,2022-11-01,2022,11,,7.0,22.65333333333333,10.63,309.3999999999999,RWEGURA,RWEGURA,grid_m3.00_29.50,18.595116347222245,14.109980000000007,26.346220000000017,387.18318836908,-0.1408985977964583,-0.4913632281529167,14.861172402777813,101430.49203472222
Mpanda,2022-12-01,2022,12,1.1606451612903224,5.6,23.123333333333328,10.6,230.9,RWEGURA,RWEGURA,grid_m3.00_29.50,18.50795618279568,12.609770000000026,25.56720000000001,355.67760576154,-0.1858498715474005,-0.5121575012118682,14.6982516935484,101418.98239919356
Mpanda,2023-01-01,2023,1,1.0161290322580645,6.57,24.89032258064516,10.55,123.9,RWEGURA,RWEGURA,grid_m3.00_29.50,19.06058327956993,12.85220000000004,27.18432000000001,222.5050929214,-0.2377384355637097,-0.6971245235123118,13.731553991935527,101410.95039650536
Mpanda,2023-02-01,2023,2,1.0564285714285713,4.12,25.619999999999997,11.884,127.4,RWEGURA,RWEGURA,grid_m3.00_29.50,19.37836571428573,11.862940000000036,27.93432000000001,248.27957221896,0.0709144969525297,-0.4696083988430521,13.936597425595266,101377.84515624998
Mpanda,2023-03-01,2023,3,1.0935483870967742,7.98,25.258064516129025,10.974193548387095,286.2,RWEGURA,RWEGURA,grid_m3.00_29.50,18.964419220430106,13.682460000000049,27.948750000000015,489.02034718918,0.0309297092751344,-0.1504413435017473,15.248971115591416,101411.11842069891
Mpanda,2023-04-01,2023,4,1.2519999999999998,15.52,24.386666666666663,11.163333333333334,368.8,RWEGURA,RWEGURA,grid_m3.00_29.50,19.06634186111114,14.263760000000048,27.206080000000043,382.05862037682,-0.6574180395159722,-0.1777605547845833,16.003236041666696,101382.04840972222
Mpanda,2023-05-01,2023,5,1.4561290322580642,4.44,24.5,11.606451612903228,122.6,RWEGURA,RWEGURA,grid_m3.00_29.50,19.804321720430096,13.87518,27.463900000000024,153.5201069593,-0.7591084712762097,0.0166643614362903,15.289710994623704,101569.35438844089
Mpanda,2023-06-01,2023,6,1.397,1.08,24.536666666666665,10.736666666666666,31.8,RWEGURA,RWEGURA,grid_m3.00_29.50,19.356256375000044,11.990200000000016,26.85766000000001,81.17914202404,-0.3928276275151389,0.3332877903509916,14.224396902777755,101598.34705555555
Mpanda,2023-07-01,2023,7,0.7386666666666668,0.42,24.606451612903214,9.816129032258065,0.0,RWEGURA,RWEGURA,grid_m3.00_29.50,19.470227567204347,11.032560000000046,27.376059999999995,9.22298431182,-0.6563583067053763,0.7445260942982527,11.394904059139831,101698.90662634408
Mpanda,2023-08-01,2023,8,0.9387096774193548,0.19,22.777419354838703,11.30967741935484,1.5,RWEGURA,RWEGURA,grid_m3.00_29.50,20.99770256720433,13.805470000000014,30.107200000000034,33.45966309766,-0.5110937353941345,0.5216807708526882,11.997925860215105,101513.4872311828
Mpanda,2023-09-01,2023,9,1.321,0.13,21.736666666666668,11.46,198.7,RWEGURA,RWEGURA,grid_m3.00_29.50,19.59500623611109,13.11178000000001,27.75515000000001,423.01702389986,-0.3224260965775,-0.2322426485362499,15.110936055555555,101476.95979166668
Mpanda,2023-10-01,2023,10,1.4764516129032257,1.81,22.212903225806453,11.319354838709678,165.6,RWEGURA,RWEGURA,grid_m3.00_29.50,19.8387995698925,13.90276,27.522670000000005,225.76093658506,-0.6803118996909947,-0.4207835455533064,14.637378575268826,101369.51600806451
Mpanda,2023-11-01,2023,11,1.600333333333333,10.81,20.256666666666664,10.763333333333335,422.3,RWEGURA,RWEGURA,grid_m3.00_29.50,18.815440472222235,14.20974000000001,26.21640000000002,491.32204091672,-0.4031315057402778,-0.388740858455,16.06970148611117,101456.86360416668
Mpanda,2023-12-01,2023,12,1.801935483870968,14.31,21.796774193548384,11.419354838709674,395.5,RWEGURA,RWEGURA,grid_m3.00_29.50,19.358855174731215,13.98240000000004,26.752740000000017,408.17880625754,-0.1920878392159274,-0.3454214322418817,16.253932634408613,101474.11324596772
Mpanda,2024-01-01,2024,1,1.615,,21.135483870967736,11.670967741935485,218.8,RWEGURA,RWEGURA,grid_m3.00_29.50,18.858627661290317,13.87050000000005,26.866360000000043,575.35171623652,0.3178917054879032,-0.1441775918913978,16.151966061827977,101617.22858870968
Mpanda,2024-02-01,2024,2,1.5627586206896549,,22.648275862068967,11.717241379310348,312.6,RWEGURA,RWEGURA,grid_m3.00_29.50,20.382890890804617,14.558860000000038,27.797450000000023,264.90879049398,-0.1624773027074712,-0.4742794256538793,15.825266063218407,101519.8634841954
Mpanda,2024-03-01,2024,3,1.6435483870967742,,21.92258064516129,11.967741935483868,213.3,RWEGURA,RWEGURA,grid_m3.00_29.50,20.33901334677421,14.638760000000048,27.476920000000007,296.84639054876,-0.5891840352645834,-0.2623036902522849,16.33414655913981,101467.35429435484
Mpanda,2024-04-01,2024,4,1.7229999999999996,,21.4,11.640000000000002,388.9000000000001,RWEGURA,RWEGURA,grid_m3.00_29.50,19.65230484722224,15.032740000000048,26.047020000000032,428.75719065008,-0.5602040451702778,-0.0499578687915277,16.78528029166671,101483.76621527778
Mpanda,2024-05-01,2024,5,1.413225806451613,,22.325806451612905,11.983870967741936,57.2,RWEGURA,RWEGURA,grid_m3.00_29.50,20.600297043010755,14.34023000000002,26.949600000000032,138.3643154162,-0.4381861746582661,0.1893907833753763,16.11294060483874,101543.58250672044
Mpanda,2024-06-01,2024,6,1.0586666666666666,,22.23333333333333,10.48333333333333,8.6,RWEGURA,RWEGURA,grid_m3.00_29.50,19.453469541666664,10.703760000000043,27.43057000000005,42.38033300686,-0.5551897988709722,0.4630368757945833,13.197185750000015,101634.35318055555
Mpanda,2024-07-01,2024,7,0.9783870967741932,,22.667741935483868,10.832258064516123,0.0,RWEGURA,RWEGURA,grid_m3.00_29.50,19.76378153225812,12.052999999999995,26.949520000000007,37.17947016094,0.2777341414706989,0.5342390186783602,12.691276491935524,101584.62665322582
Mpanda,2024-08-01,2024,8,0.7574193548387096,,23.290322580645157,10.67741935483871,6.6,RWEGURA,RWEGURA,grid_m3.00_29.50,19.87015736559141,11.497460000000046,27.23320000000001,43.9352990163,-0.0770192700435483,0.6592565764731182,12.456986599462368,101530.21947580646
Mpanda,2024-09-01,2024,9,0.924,,24.129999999999995,11.286666666666664,144.89999999999998,RWEGURA,RWEGURA,grid_m3.00_29.50,20.84620686111117,13.866970000000038,29.278740000000028,134.41705685404,-0.3272794508995833,0.2624910709637499,12.852805972222257,101415.2521875
Mpanda,2024-10-01,2024,10,0.7777419354838709,,23.483870967741936,11.06451612903226,141.10000000000002,RWEGURA,RWEGURA,grid_m3.00_29.50,19.72223053763446,13.581020000000024,27.33578,393.64719397746,-0.3552751031158602,-0.2741406753495968,14.889553239247334,101481.15721774191
