date,target_value,target_outlier_count,lat,lon,elev
1981-01-01,0.7480645161290326,0,-3.92,29.64,1840.0
1981-02-01,0.7642857142857143,0,-3.92,29.64,1840.0
1981-03-01,0.7954838709677421,0,-3.92,29.64,1840.0
1981-04-01,0.8663333333333333,0,-3.92,29.64,1840.0
1981-05-01,0.7177419354838709,0,-3.92,29.64,1840.0
1981-06-01,0.4826666666666666,0,-3.92,29.64,1840.0
1981-07-01,0.3809677419354836,0,-3.92,29.64,1840.0
1981-08-01,0.3409677419354839,0,-3.92,29.64,1840.0
1981-09-01,0.3343333333333332,0,-3.92,29.64,1840.0
1981-10-01,0.3396774193548386,0,-3.92,29.64,1840.0
1981-11-01,0.4000000000000001,0,-3.92,29.64,1840.0
1981-12-01,0.59,0,-3.92,29.64,1840.0
1982-01-01,0.7738709677419355,0,-3.92,29.64,1840.0
1982-02-01,0.7500000000000001,0,-3.92,29.64,1840.0
1982-03-01,0.7441935483870966,0,-3.92,29.64,1840.0
1982-04-01,1.0770000000000004,0,-3.92,29.64,1840.0
1982-05-01,0.994516129032258,0,-3.92,29.64,1840.0
1982-06-01,0.6063333333333334,0,-3.92,29.64,1840.0
1982-07-01,0.4370967741935485,0,-3.92,29.64,1840.0
1982-08-01,0.3677419354838709,0,-3.92,29.64,1840.0
1982-09-01,0.3313333333333333,0,-3.92,29.64,1840.0
1982-10-01,0.4058064516129033,0,-3.92,29.64,1840.0
1982-11-01,0.7430000000000001,0,-3.92,29.64,1840.0
1982-12-01,1.1612903225806452,0,-3.92,29.64,1840.0
1983-01-01,0.8335483870967743,0,-3.92,29.64,1840.0
1983-02-01,0.8689285714285713,0,-3.92,29.64,1840.0
1983-03-01,0.8580645161290323,0,-3.92,29.64,1840.0
1983-04-01,0.7610714285714285,0,-3.92,29.64,1840.0
1983-06-01,0.5103333333333335,0,-3.92,29.64,1840.0
1983-07-01,0.4141666666666668,0,-3.92,29.64,1840.0
1983-08-01,0.3809677419354838,0,-3.92,29.64,1840.0
1983-09-01,0.3249999999999999,0,-3.92,29.64,1840.0
1983-10-01,0.4358064516129032,0,-3.92,29.64,1840.0
1983-11-01,0.4966666666666667,0,-3.92,29.64,1840.0
1983-12-01,0.6029032258064516,0,-3.92,29.64,1840.0
1984-01-01,0.840967741935484,0,-3.92,29.64,1840.0
1984-02-01,0.9451724137931032,0,-3.92,29.64,1840.0
1984-03-01,0.8756666666666665,0,-3.92,29.64,1840.0
1984-04-01,0.8700000000000002,0,-3.92,29.64,1840.0
1984-05-01,0.680322580645161,0,-3.92,29.64,1840.0
1984-06-01,0.4706666666666666,0,-3.92,29.64,1840.0
1984-07-01,0.398709677419355,0,-3.92,29.64,1840.0
1984-08-01,0.3816129032258063,0,-3.92,29.64,1840.0
1984-09-01,0.3309999999999998,0,-3.92,29.64,1840.0
1984-10-01,0.4490322580645161,0,-3.92,29.64,1840.0
1984-11-01,0.5963333333333333,0,-3.92,29.64,1840.0
1984-12-01,0.7377419354838711,0,-3.92,29.64,1840.0
1985-01-01,0.7725806451612902,0,-3.92,29.64,1840.0
1985-02-01,0.7857142857142857,0,-3.92,29.64,1840.0
1985-03-01,0.9425806451612904,0,-3.92,29.64,1840.0
1985-04-01,1.3306666666666664,0,-3.92,29.64,1840.0
1985-05-01,0.9038709677419354,0,-3.92,29.64,1840.0
1985-06-01,0.5850000000000002,0,-3.92,29.64,1840.0
1985-07-01,0.4577419354838708,0,-3.92,29.64,1840.0
1985-08-01,0.3790322580645159,0,-3.92,29.64,1840.0
1985-09-01,0.3716666666666666,0,-3.92,29.64,1840.0
1985-10-01,0.3474193548387096,0,-3.92,29.64,1840.0
1985-11-01,0.513,0,-3.92,29.64,1840.0
1985-12-01,0.5825806451612903,0,-3.92,29.64,1840.0
1986-01-01,0.824516129032258,0,-3.92,29.64,1840.0
1986-02-01,0.8585714285714285,0,-3.92,29.64,1840.0
1986-03-01,0.8503225806451612,0,-3.92,29.64,1840.0
1986-04-01,1.0216666666666667,0,-3.92,29.64,1840.0
1986-05-01,1.0996774193548389,0,-3.92,29.64,1840.0
1986-06-01,0.6519999999999998,0,-3.92,29.64,1840.0
1986-07-01,0.4864516129032257,0,-3.92,29.64,1840.0
1986-08-01,0.3945161290322579,0,-3.92,29.64,1840.0
1986-09-01,0.3696666666666666,0,-3.92,29.64,1840.0
1986-10-01,0.421290322580645,0,-3.92,29.64,1840.0
1986-12-01,0.9838709677419356,0,-3.92,29.64,1840.0
1987-01-01,1.0258064516129033,0,-3.92,29.64,1840.0
1987-02-01,1.12,0,-3.92,29.64,1840.0
1987-03-01,0.9167741935483872,0,-3.92,29.64,1840.0
1987-04-01,0.8336666666666664,0,-3.92,29.64,1840.0
1987-05-01,0.6858064516129031,0,-3.92,29.64,1840.0
1987-06-01,0.534,0,-3.92,29.64,1840.0
1987-07-01,0.4238709677419356,0,-3.92,29.64,1840.0
1987-08-01,0.3641935483870967,0,-3.92,29.64,1840.0
1987-09-01,0.394,0,-3.92,29.64,1840.0
1987-10-01,0.4290322580645161,0,-3.92,29.64,1840.0
1987-11-01,0.521,0,-3.92,29.64,1840.0
1987-12-01,0.6874193548387098,0,-3.92,29.64,1840.0
1988-01-01,0.857741935483871,0,-3.92,29.64,1840.0
1988-02-01,1.0051724137931035,0,-3.92,29.64,1840.0
1988-03-01,0.8893548387096775,0,-3.92,29.64,1840.0
1988-04-01,0.8846666666666666,0,-3.92,29.64,1840.0
1988-05-01,0.9716666666666666,0,-3.92,29.64,1840.0
1988-06-01,0.5953333333333336,0,-3.92,29.64,1840.0
1988-07-01,0.4796774193548389,0,-3.92,29.64,1840.0
1988-08-01,0.46,0,-3.92,29.64,1840.0
1988-09-01,0.4023333333333333,0,-3.92,29.64,1840.0
1988-10-01,0.442258064516129,0,-3.92,29.64,1840.0
1988-11-01,0.5896666666666667,0,-3.92,29.64,1840.0
1988-12-01,0.6567741935483872,0,-3.92,29.64,1840.0
1989-01-01,1.0316129032258066,0,-3.92,29.64,1840.0
1989-02-01,1.143571428571429,0,-3.92,29.64,1840.0
1989-03-01,1.0996774193548386,0,-3.92,29.64,1840.0
1989-04-01,1.1126666666666665,0,-3.92,29.64,1840.0
1989-05-01,0.8770967741935485,0,-3.92,29.64,1840.0
1989-06-01,0.6453333333333332,0,-3.92,29.64,1840.0
1989-07-01,0.4951612903225809,0,-3.92,29.64,1840.0
1989-08-01,0.428709677419355,0,-3.92,29.64,1840.0
1989-09-01,0.4183333333333335,0,-3.92,29.64,1840.0
1989-10-01,0.4138709677419354,0,-3.92,29.64,1840.0
1989-11-01,0.4523333333333334,0,-3.92,29.64,1840.0
1989-12-01,0.6383870967741935,0,-3.92,29.64,1840.0
1990-01-01,0.58,0,-3.92,29.64,1840.0
1990-02-01,0.8085714285714286,0,-3.92,29.64,1840.0
1990-03-01,0.9883870967741938,0,-3.92,29.64,1840.0
1990-04-01,0.942,0,-3.92,29.64,1840.0
1990-05-01,0.7487096774193548,0,-3.92,29.64,1840.0
1990-06-01,0.5203333333333334,0,-3.92,29.64,1840.0
1990-07-01,0.4264516129032258,0,-3.92,29.64,1840.0
1990-08-01,0.373548387096774,0,-3.92,29.64,1840.0
1990-09-01,0.3599999999999997,0,-3.92,29.64,1840.0
1990-10-01,0.4029032258064516,0,-3.92,29.64,1840.0
1990-11-01,0.4523333333333335,0,-3.92,29.64,1840.0
1990-12-01,0.5225806451612904,0,-3.92,29.64,1840.0
1991-01-01,0.6161290322580646,0,-3.92,29.64,1840.0
1991-02-01,0.8385714285714286,0,-3.92,29.64,1840.0
1991-03-01,0.7419354838709673,0,-3.92,29.64,1840.0
1991-04-01,0.859,0,-3.92,29.64,1840.0
1991-05-01,0.7477419354838711,0,-3.92,29.64,1840.0
1991-06-01,0.6103333333333333,0,-3.92,29.64,1840.0
1991-07-01,0.4683870967741934,0,-3.92,29.64,1840.0
1991-08-01,0.4077419354838711,0,-3.92,29.64,1840.0
1991-09-01,0.3873333333333332,0,-3.92,29.64,1840.0
1991-10-01,0.5070967741935484,0,-3.92,29.64,1840.0
1991-11-01,0.4565517241379311,0,-3.92,29.64,1840.0
1991-12-01,0.6167741935483871,0,-3.92,29.64,1840.0
1992-01-01,0.6309677419354839,0,-3.92,29.64,1840.0
1992-02-01,0.8779310344827587,0,-3.92,29.64,1840.0
1992-03-01,0.8870967741935485,0,-3.92,29.64,1840.0
1992-04-01,1.1313333333333333,0,-3.92,29.64,1840.0
1992-05-01,0.8148387096774193,0,-3.92,29.64,1840.0
1992-06-01,0.5433333333333331,0,-3.92,29.64,1840.0
1992-07-01,0.4419354838709677,0,-3.92,29.64,1840.0
1992-08-01,0.375806451612903,0,-3.92,29.64,1840.0
1992-09-01,0.3433333333333333,0,-3.92,29.64,1840.0
1992-10-01,0.4309677419354838,0,-3.92,29.64,1840.0
1992-11-01,0.5906666666666668,0,-3.92,29.64,1840.0
1992-12-01,0.7789285714285714,0,-3.92,29.64,1840.0
1993-01-01,0.9047619047619048,0,-3.92,29.64,1840.0
1993-02-01,0.9239285714285718,0,-3.92,29.64,1840.0
1993-03-01,0.9303225806451612,0,-3.92,29.64,1840.0
1993-04-01,0.6970000000000002,0,-3.92,29.64,1840.0
1993-05-01,0.8348387096774194,0,-3.92,29.64,1840.0
1993-06-01,0.5426666666666666,0,-3.92,29.64,1840.0
1993-07-01,0.4416129032258065,0,-3.92,29.64,1840.0
1993-08-01,0.384838709677419,0,-3.92,29.64,1840.0
1993-09-01,0.3653333333333332,0,-3.92,29.64,1840.0
1993-10-01,0.3488888888888889,0,-3.92,29.64,1840.0
1993-11-01,0.4740000000000002,0,-3.92,29.64,1840.0
1993-12-01,0.5341935483870969,0,-3.92,29.64,1840.0
1994-01-01,0.6096774193548388,0,-3.92,29.64,1840.0
1994-02-01,0.6896428571428571,0,-3.92,29.64,1840.0
1994-03-01,0.8287096774193546,0,-3.92,29.64,1840.0
1994-04-01,0.6636666666666667,0,-3.92,29.64,1840.0
1994-05-01,0.7025806451612903,0,-3.92,29.64,1840.0
1994-06-01,0.4906666666666668,0,-3.92,29.64,1840.0
1994-07-01,0.4187096774193551,0,-3.92,29.64,1840.0
1994-08-01,0.3670967741935484,0,-3.92,29.64,1840.0
1994-09-01,0.3440000000000001,0,-3.92,29.64,1840.0
1994-10-01,0.3903225806451613,0,-3.92,29.64,1840.0
1994-11-01,0.6713333333333333,0,-3.92,29.64,1840.0
1994-12-01,0.8267741935483872,0,-3.92,29.64,1840.0
1995-01-01,0.920967741935484,0,-3.92,29.64,1840.0
1995-02-01,0.9675,0,-3.92,29.64,1840.0
1995-03-01,0.9677419354838712,0,-3.92,29.64,1840.0
1995-04-01,0.9033333333333328,0,-3.92,29.64,1840.0
1995-05-01,0.975483870967742,0,-3.92,29.64,1840.0
1995-06-01,0.6826666666666669,0,-3.92,29.64,1840.0
1995-07-01,0.5441935483870967,0,-3.92,29.64,1840.0
1995-08-01,0.4674193548387096,0,-3.92,29.64,1840.0
1995-09-01,0.4313333333333335,0,-3.92,29.64,1840.0
1995-10-01,0.5599999999999999,0,-3.92,29.64,1840.0
1995-11-01,0.6376666666666665,0,-3.92,29.64,1840.0
1995-12-01,0.7045161290322581,0,-3.92,29.64,1840.0
1996-01-01,0.8558064516129034,0,-3.92,29.64,1840.0
1996-02-01,1.069655172413793,0,-3.92,29.64,1840.0
1996-03-01,1.0132258064516129,0,-3.92,29.64,1840.0
1996-04-01,1.1089999999999998,0,-3.92,29.64,1840.0
1996-05-01,0.7783870967741935,0,-3.92,29.64,1840.0
1996-06-01,0.6006666666666666,0,-3.92,29.64,1840.0
1996-07-01,0.5180645161290323,0,-3.92,29.64,1840.0
1996-08-01,0.4612903225806451,0,-3.92,29.64,1840.0
1996-09-01,0.5116666666666666,0,-3.92,29.64,1840.0
1996-10-01,0.4603225806451613,0,-3.92,29.64,1840.0
1996-11-01,0.5073333333333333,0,-3.92,29.64,1840.0
1996-12-01,0.59,0,-3.92,29.64,1840.0
1997-01-01,0.6983870967741935,0,-3.92,29.64,1840.0
1997-02-01,0.8485714285714286,0,-3.92,29.64,1840.0
1997-03-01,0.7322580645161293,0,-3.92,29.64,1840.0
1997-04-01,0.989,0,-3.92,29.64,1840.0
1997-05-01,1.029032258064516,0,-3.92,29.64,1840.0
1997-06-01,0.668,0,-3.92,29.64,1840.0
1997-07-01,0.5332258064516128,0,-3.92,29.64,1840.0
1997-08-01,0.4625806451612902,0,-3.92,29.64,1840.0
1997-09-01,0.4116666666666669,0,-3.92,29.64,1840.0
1997-10-01,0.4838709677419355,0,-3.92,29.64,1840.0
1997-11-01,0.7026666666666669,0,-3.92,29.64,1840.0
1997-12-01,1.275483870967742,0,-3.92,29.64,1840.0
1998-01-01,1.251290322580645,0,-3.92,29.64,1840.0
1998-02-01,1.1721428571428574,0,-3.92,29.64,1840.0
1998-04-01,1.337666666666667,0,-3.92,29.64,1840.0
1998-05-01,1.087096774193548,0,-3.92,29.64,1840.0
1998-06-01,0.7656666666666666,0,-3.92,29.64,1840.0
1998-07-01,0.635806451612903,0,-3.92,29.64,1840.0
1998-08-01,0.5341935483870967,0,-3.92,29.64,1840.0
1998-09-01,0.4783333333333337,0,-3.92,29.64,1840.0
1998-10-01,0.5641935483870968,0,-3.92,29.64,1840.0
1998-11-01,0.4963333333333333,0,-3.92,29.64,1840.0
1998-12-01,0.5645161290322581,0,-3.92,29.64,1840.0
1999-01-01,0.7525806451612903,0,-3.92,29.64,1840.0
1999-02-01,0.7410714285714287,0,-3.92,29.64,1840.0
1999-03-01,0.9696774193548388,0,-3.92,29.64,1840.0
1999-04-01,0.9676666666666666,0,-3.92,29.64,1840.0
1999-05-01,0.6822580645161289,0,-3.92,29.64,1840.0
1999-06-01,0.5303333333333332,0,-3.92,29.64,1840.0
1999-07-01,0.4693548387096774,0,-3.92,29.64,1840.0
1999-08-01,0.4293548387096774,0,-3.92,29.64,1840.0
1999-09-01,0.4643333333333332,0,-3.92,29.64,1840.0
1999-10-01,0.4232258064516129,0,-3.92,29.64,1840.0
1999-11-01,0.565,0,-3.92,29.64,1840.0
1999-12-01,0.6148387096774193,0,-3.92,29.64,1840.0
2000-01-01,0.704516129032258,0,-3.92,29.64,1840.0
2000-02-01,0.7762068965517241,0,-3.92,29.64,1840.0
2000-03-01,0.9074193548387096,0,-3.92,29.64,1840.0
2000-04-01,0.8393333333333335,0,-3.92,29.64,1840.0
2000-05-01,0.6032258064516127,0,-3.92,29.64,1840.0
2000-06-01,0.5396666666666668,0,-3.92,29.64,1840.0
2000-07-01,0.4912903225806452,0,-3.92,29.64,1840.0
2000-08-01,0.3938709677419354,0,-3.92,29.64,1840.0
2000-09-01,0.3436666666666665,0,-3.92,29.64,1840.0
2000-10-01,0.4416129032258065,0,-3.92,29.64,1840.0
2000-11-01,0.6479999999999999,0,-3.92,29.64,1840.0
2000-12-01,0.8112903225806453,0,-3.92,29.64,1840.0
2001-01-01,1.2851612903225809,0,-3.92,29.64,1840.0
2001-02-01,0.8175,0,-3.92,29.64,1840.0
2001-03-01,0.7700000000000001,0,-3.92,29.64,1840.0
2001-04-01,1.0550000000000002,0,-3.92,29.64,1840.0
2001-05-01,0.7393548387096773,0,-3.92,29.64,1840.0
2001-06-01,0.5526666666666666,0,-3.92,29.64,1840.0
2001-07-01,0.5109677419354839,0,-3.92,29.64,1840.0
2001-08-01,0.4632258064516129,0,-3.92,29.64,1840.0
2001-09-01,0.5186666666666667,0,-3.92,29.64,1840.0
2001-10-01,0.5348387096774194,0,-3.92,29.64,1840.0
2001-11-01,0.615,0,-3.92,29.64,1840.0
2001-12-01,0.6635483870967741,0,-3.92,29.64,1840.0
2002-01-01,1.0477419354838708,0,-3.92,29.64,1840.0
2002-02-01,0.7903571428571426,0,-3.92,29.64,1840.0
2002-03-01,0.9799999999999998,0,-3.92,29.64,1840.0
2002-04-01,1.0623333333333334,0,-3.92,29.64,1840.0
2002-05-01,0.8987096774193548,0,-3.92,29.64,1840.0
2002-06-01,0.6016666666666667,0,-3.92,29.64,1840.0
2002-07-01,0.4909677419354842,0,-3.92,29.64,1840.0
2002-08-01,0.437741935483871,0,-3.92,29.64,1840.0
2002-09-01,0.4146666666666668,0,-3.92,29.64,1840.0
2002-10-01,0.4490322580645162,0,-3.92,29.64,1840.0
2002-11-01,0.5693333333333334,0,-3.92,29.64,1840.0
2002-12-01,0.6645161290322581,0,-3.92,29.64,1840.0
2003-01-01,0.9451612903225808,0,-3.92,29.64,1840.0
2003-02-01,0.7567857142857141,0,-3.92,29.64,1840.0
2003-03-01,0.8590322580645162,0,-3.92,29.64,1840.0
2003-04-01,0.9693333333333332,0,-3.92,29.64,1840.0
2003-05-01,0.824516129032258,0,-3.92,29.64,1840.0
2003-06-01,0.6363333333333331,0,-3.92,29.64,1840.0
2003-07-01,0.5306451612903225,0,-3.92,29.64,1840.0
2003-08-01,0.4661290322580645,0,-3.92,29.64,1840.0
2003-09-01,0.4569999999999999,0,-3.92,29.64,1840.0
2003-10-01,0.52,0,-3.92,29.64,1840.0
2003-11-01,0.5043333333333334,0,-3.92,29.64,1840.0
2003-12-01,0.7370967741935486,0,-3.92,29.64,1840.0
2004-01-01,0.7196774193548388,0,-3.92,29.64,1840.0
2004-02-01,0.756551724137931,0,-3.92,29.64,1840.0
2004-03-01,0.7945161290322579,0,-3.92,29.64,1840.0
2004-04-01,1.038,0,-3.92,29.64,1840.0
2004-05-01,0.708709677419355,0,-3.92,29.64,1840.0
2004-06-01,0.5429999999999999,0,-3.92,29.64,1840.0
2004-07-01,0.4596774193548384,0,-3.92,29.64,1840.0
2004-08-01,0.415483870967742,0,-3.92,29.64,1840.0
2004-09-01,0.4736666666666666,0,-3.92,29.64,1840.0
2004-10-01,0.4577419354838711,0,-3.92,29.64,1840.0
2004-11-01,0.6126666666666668,0,-3.92,29.64,1840.0
2004-12-01,0.7674193548387095,0,-3.92,29.64,1840.0
2005-01-01,0.8106451612903227,0,-3.92,29.64,1840.0
2005-02-01,0.7889285714285713,0,-3.92,29.64,1840.0
2005-03-01,0.654193548387097,0,-3.92,29.64,1840.0
2005-04-01,0.6203333333333332,0,-3.92,29.64,1840.0
2005-05-01,0.7383870967741937,0,-3.92,29.64,1840.0
2005-06-01,0.5509999999999999,0,-3.92,29.64,1840.0
2005-07-01,0.5029032258064516,0,-3.92,29.64,1840.0
2005-08-01,0.41,0,-3.92,29.64,1840.0
2005-09-01,0.3946666666666666,0,-3.92,29.64,1840.0
2005-10-01,0.4419354838709676,0,-3.92,29.64,1840.0
2005-11-01,0.4733333333333334,0,-3.92,29.64,1840.0
2005-12-01,0.5525806451612902,0,-3.92,29.64,1840.0
2006-01-01,0.6612903225806451,0,-3.92,29.64,1840.0
2006-02-01,0.8153571428571429,0,-3.92,29.64,1840.0
2006-03-01,0.7300000000000001,0,-3.92,29.64,1840.0
2006-04-01,0.965,0,-3.92,29.64,1840.0
2006-05-01,1.2238709677419355,0,-3.92,29.64,1840.0
2006-06-01,0.7806666666666665,0,-3.92,29.64,1840.0
2006-07-01,0.647741935483871,0,-3.92,29.64,1840.0
2006-08-01,0.5506451612903226,0,-3.92,29.64,1840.0
2006-09-01,0.4566666666666667,0,-3.92,29.64,1840.0
2006-10-01,0.5612903225806453,0,-3.92,29.64,1840.0
2006-11-01,0.997,0,-3.92,29.64,1840.0
2006-12-01,1.3087096774193554,0,-3.92,29.64,1840.0
2007-01-01,1.4303225806451612,0,-3.92,29.64,1840.0
2007-02-01,1.4371428571428573,0,-3.92,29.64,1840.0
2007-03-01,1.077741935483871,0,-3.92,29.64,1840.0
2007-04-01,1.1266666666666665,0,-3.92,29.64,1840.0
2007-05-01,0.9538709677419356,0,-3.92,29.64,1840.0
2007-06-01,0.8146666666666665,0,-3.92,29.64,1840.0
2007-07-01,0.660967741935484,0,-3.92,29.64,1840.0
2007-08-01,0.5309677419354839,0,-3.92,29.64,1840.0
2007-09-01,0.4833333333333335,0,-3.92,29.64,1840.0
2007-10-01,0.5603225806451613,0,-3.92,29.64,1840.0
2007-11-01,0.5703333333333334,0,-3.92,29.64,1840.0
2007-12-01,0.6267741935483871,0,-3.92,29.64,1840.0
2008-01-01,0.7867741935483871,0,-3.92,29.64,1840.0
2008-02-01,0.8344827586206897,0,-3.92,29.64,1840.0
2008-03-01,1.0203225806451612,0,-3.92,29.64,1840.0
2008-04-01,1.0266666666666668,0,-3.92,29.64,1840.0
2008-05-01,0.6835483870967742,0,-3.92,29.64,1840.0
2008-06-01,0.5663333333333331,0,-3.92,29.64,1840.0
2008-07-01,0.4629032258064514,0,-3.92,29.64,1840.0
2008-08-01,0.4225806451612903,0,-3.92,29.64,1840.0
2008-09-01,0.4186666666666667,0,-3.92,29.64,1840.0
2008-10-01,0.5067741935483872,0,-3.92,29.64,1840.0
2008-11-01,0.5453333333333334,0,-3.92,29.64,1840.0
2008-12-01,0.7290322580645163,0,-3.92,29.64,1840.0
2009-01-01,0.8483870967741937,0,-3.92,29.64,1840.0
2009-02-01,1.015,0,-3.92,29.64,1840.0
2009-03-01,0.8048387096774193,0,-3.92,29.64,1840.0
2009-04-01,0.8260000000000001,0,-3.92,29.64,1840.0
2009-05-01,0.7509677419354839,0,-3.92,29.64,1840.0
2009-06-01,0.5533333333333331,0,-3.92,29.64,1840.0
2009-07-01,0.4764516129032261,0,-3.92,29.64,1840.0
2009-08-01,0.4200000000000001,0,-3.92,29.64,1840.0
2009-09-01,0.386,0,-3.92,29.64,1840.0
2009-10-01,0.4080645161290324,0,-3.92,29.64,1840.0
2009-11-01,0.5830000000000001,0,-3.92,29.64,1840.0
2009-12-01,0.8454838709677418,0,-3.92,29.64,1840.0
2010-01-01,0.993548387096774,0,-3.92,29.64,1840.0
2010-02-01,0.8132142857142856,0,-3.92,29.64,1840.0
2010-03-01,0.9370967741935484,0,-3.92,29.64,1840.0
2010-04-01,0.9496666666666668,0,-3.92,29.64,1840.0
2010-05-01,1.1029032258064515,0,-3.92,29.64,1840.0
2010-06-01,0.5472413793103448,0,-3.92,29.64,1840.0
2010-07-01,0.4677419354838709,0,-3.92,29.64,1840.0
2010-08-01,0.4174193548387098,0,-3.92,29.64,1840.0
2010-09-01,0.4150000000000002,0,-3.92,29.64,1840.0
2010-10-01,0.4632258064516129,0,-3.92,29.64,1840.0
2010-11-01,0.6313333333333334,0,-3.92,29.64,1840.0
2010-12-01,0.7035483870967743,0,-3.92,29.64,1840.0
2011-01-01,0.7674193548387096,0,-3.92,29.64,1840.0
2011-02-01,0.9,0,-3.92,29.64,1840.0
2011-03-01,0.8909677419354842,0,-3.92,29.64,1840.0
2011-04-01,0.9893333333333332,0,-3.92,29.64,1840.0
2011-05-01,0.7180645161290323,0,-3.92,29.64,1840.0
2011-06-01,0.5543333333333333,0,-3.92,29.64,1840.0
2011-07-01,0.4845161290322581,0,-3.92,29.64,1840.0
2011-08-01,0.4370967741935484,0,-3.92,29.64,1840.0
2011-09-01,0.4203333333333333,0,-3.92,29.64,1840.0
2011-10-01,0.5361290322580646,0,-3.92,29.64,1840.0
2011-11-01,0.7313333333333334,0,-3.92,29.64,1840.0
2011-12-01,1.1922580645161287,0,-3.92,29.64,1840.0
2012-01-01,0.7816129032258065,0,-3.92,29.64,1840.0
2012-02-01,0.7506896551724138,0,-3.92,29.64,1840.0
2012-03-01,0.7761290322580645,0,-3.92,29.64,1840.0
2012-04-01,0.9713333333333332,0,-3.92,29.64,1840.0
2012-05-01,0.8277419354838713,0,-3.92,29.64,1840.0
2012-06-01,0.603,0,-3.92,29.64,1840.0
2012-07-01,0.5074193548387098,0,-3.92,29.64,1840.0
2012-08-01,0.4677419354838708,0,-3.92,29.64,1840.0
2012-09-01,0.4533333333333333,0,-3.92,29.64,1840.0
2012-10-01,0.4845161290322581,0,-3.92,29.64,1840.0
2012-11-01,0.621,0,-3.92,29.64,1840.0
2012-12-01,0.7348387096774194,0,-3.92,29.64,1840.0
2013-01-01,0.8893548387096775,0,-3.92,29.64,1840.0
2013-02-01,0.875357142857143,0,-3.92,29.64,1840.0
2013-03-01,0.7983870967741936,0,-3.92,29.64,1840.0
2013-04-01,1.1783333333333337,0,-3.92,29.64,1840.0
2013-05-01,0.8893548387096775,0,-3.92,29.64,1840.0
2013-06-01,0.5990000000000002,0,-3.92,29.64,1840.0
2013-07-01,0.5064516129032259,0,-3.92,29.64,1840.0
2013-08-01,0.4583870967741935,0,-3.92,29.64,1840.0
2013-09-01,0.4500000000000002,0,-3.92,29.64,1840.0
2013-10-01,0.4535483870967742,0,-3.92,29.64,1840.0
2013-11-01,0.5680000000000001,0,-3.92,29.64,1840.0
2013-12-01,0.8958064516129031,0,-3.92,29.64,1840.0
2014-01-01,1.0970967741935482,0,-3.92,29.64,1840.0
2014-02-01,0.9917857142857142,0,-3.92,29.64,1840.0
2014-03-01,0.9199999999999996,0,-3.92,29.64,1840.0
2014-04-01,0.9370000000000004,0,-3.92,29.64,1840.0
2014-05-01,0.67,0,-3.92,29.64,1840.0
2014-06-01,0.5776666666666668,0,-3.92,29.64,1840.0
2014-07-01,0.4864516129032261,0,-3.92,29.64,1840.0
2014-08-01,0.4861290322580648,0,-3.92,29.64,1840.0
2014-09-01,0.437,0,-3.92,29.64,1840.0
2014-10-01,0.5258064516129033,0,-3.92,29.64,1840.0
2014-11-01,0.4703333333333335,0,-3.92,29.64,1840.0
2014-12-01,0.5712903225806452,0,-3.92,29.64,1840.0
2015-01-01,0.7280645161290323,0,-3.92,29.64,1840.0
2015-02-01,0.8103571428571429,0,-3.92,29.64,1840.0
2015-03-01,0.8874193548387097,0,-3.92,29.64,1840.0
2015-04-01,1.123,0,-3.92,29.64,1840.0
2015-05-01,0.9116129032258063,0,-3.92,29.64,1840.0
2015-06-01,0.620333333333333,0,-3.92,29.64,1840.0
2015-07-01,0.5135483870967742,0,-3.92,29.64,1840.0
2015-08-01,0.446774193548387,0,-3.92,29.64,1840.0
2015-09-01,0.4253333333333334,0,-3.92,29.64,1840.0
2015-10-01,0.4748387096774194,0,-3.92,29.64,1840.0
2015-11-01,0.706,0,-3.92,29.64,1840.0
2015-12-01,0.9006451612903225,0,-3.92,29.64,1840.0
2016-01-01,1.1461290322580644,0,-3.92,29.64,1840.0
2016-02-01,1.1586206896551727,0,-3.92,29.64,1840.0
2016-03-01,0.9641935483870966,0,-3.92,29.64,1840.0
2016-04-01,0.8803333333333334,0,-3.92,29.64,1840.0
2016-05-01,0.7583870967741935,0,-3.92,29.64,1840.0
2016-06-01,0.5713333333333335,0,-3.92,29.64,1840.0
2016-07-01,0.4922580645161293,0,-3.92,29.64,1840.0
2016-08-01,0.4361290322580646,0,-3.92,29.64,1840.0
2016-09-01,0.4226666666666667,0,-3.92,29.64,1840.0
2016-10-01,0.4403225806451615,0,-3.92,29.64,1840.0
2016-11-01,0.4263333333333333,0,-3.92,29.64,1840.0
2016-12-01,0.4990322580645162,0,-3.92,29.64,1840.0
2017-01-01,0.6167741935483869,0,-3.92,29.64,1840.0
2017-02-01,0.6610714285714286,0,-3.92,29.64,1840.0
2017-03-01,0.8219354838709678,0,-3.92,29.64,1840.0
2017-04-01,1.009,0,-3.92,29.64,1840.0
2017-05-01,0.7912903225806454,0,-3.92,29.64,1840.0
2017-06-01,0.5539999999999999,0,-3.92,29.64,1840.0
2017-07-01,0.4748387096774196,0,-3.92,29.64,1840.0
2017-08-01,0.4364516129032256,0,-3.92,29.64,1840.0
2017-09-01,0.4013333333333334,0,-3.92,29.64,1840.0
2017-10-01,0.4393548387096774,0,-3.92,29.64,1840.0
2017-11-01,0.6120000000000001,0,-3.92,29.64,1840.0
2017-12-01,0.665483870967742,0,-3.92,29.64,1840.0
2018-01-01,0.8141935483870966,0,-3.92,29.64,1840.0
2018-02-01,0.7582142857142857,0,-3.92,29.64,1840.0
2018-03-01,0.783225806451613,0,-3.92,29.64,1840.0
2018-04-01,0.996,0,-3.92,29.64,1840.0
2018-05-01,0.9996774193548388,0,-3.92,29.64,1840.0
2018-06-01,0.6096666666666665,0,-3.92,29.64,1840.0
2018-07-01,0.5019354838709679,0,-3.92,29.64,1840.0
2018-08-01,0.4683870967741934,0,-3.92,29.64,1840.0
2018-09-01,0.4060000000000002,0,-3.92,29.64,1840.0
2018-10-01,0.4503225806451613,0,-3.92,29.64,1840.0
2018-11-01,0.5296666666666667,0,-3.92,29.64,1840.0
2018-12-01,0.6548387096774195,0,-3.92,29.64,1840.0
2019-01-01,0.7387096774193548,0,-3.92,29.64,1840.0
2019-02-01,0.6603571428571428,0,-3.92,29.64,1840.0
2019-03-01,0.7312903225806449,0,-3.92,29.64,1840.0
2019-04-01,0.6676666666666666,0,-3.92,29.64,1840.0
2019-05-01,0.649032258064516,0,-3.92,29.64,1840.0
2019-06-01,0.5046666666666667,0,-3.92,29.64,1840.0
2019-07-01,0.4458064516129032,0,-3.92,29.64,1840.0
2019-08-01,0.3938709677419356,0,-3.92,29.64,1840.0
2019-09-01,0.4133333333333334,0,-3.92,29.64,1840.0
2019-10-01,0.4712903225806452,0,-3.92,29.64,1840.0
2019-11-01,0.6236666666666666,0,-3.92,29.64,1840.0
2019-12-01,1.058064516129032,0,-3.92,29.64,1840.0
2020-01-01,0.9699999999999998,0,-3.92,29.64,1840.0
2020-02-01,1.0189655172413794,0,-3.92,29.64,1840.0
2020-03-01,1.2061290322580644,0,-3.92,29.64,1840.0
2020-04-01,1.1016666666666668,0,-3.92,29.64,1840.0
2020-05-01,0.9658064516129032,0,-3.92,29.64,1840.0
2020-06-01,0.6660000000000001,0,-3.92,29.64,1840.0
2020-07-01,0.5558064516129033,0,-3.92,29.64,1840.0
2020-08-01,0.4861290322580648,0,-3.92,29.64,1840.0
2020-09-01,0.4553333333333333,0,-3.92,29.64,1840.0
2020-10-01,0.504193548387097,0,-3.92,29.64,1840.0
2020-11-01,0.6669999999999999,0,-3.92,29.64,1840.0
2020-12-01,0.9070967741935484,0,-3.92,29.64,1840.0
2021-01-01,0.9122580645161292,0,-3.92,29.64,1840.0
2021-02-01,1.101785714285714,0,-3.92,29.64,1840.0
2021-03-01,0.9580645161290322,0,-3.92,29.64,1840.0
2021-04-01,0.8766666666666667,0,-3.92,29.64,1840.0
2021-05-01,0.8080645161290324,0,-3.92,29.64,1840.0
2021-06-01,0.5976666666666668,0,-3.92,29.64,1840.0
2021-07-01,0.5177419354838709,0,-3.92,29.64,1840.0
2021-08-01,0.479677419354839,0,-3.92,29.64,1840.0
2021-09-01,0.455,0,-3.92,29.64,1840.0
2021-10-01,0.4916129032258065,0,-3.92,29.64,1840.0
2021-11-01,0.5586666666666666,0,-3.92,29.64,1840.0
2021-12-01,0.5819354838709677,0,-3.92,29.64,1840.0
2022-01-01,0.6829032258064517,0,-3.92,29.64,1840.0
2022-02-01,0.8453571428571428,0,-3.92,29.64,1840.0
2022-03-01,0.8548387096774195,0,-3.92,29.64,1840.0
2022-04-01,0.8806666666666667,0,-3.92,29.64,1840.0
2022-05-01,0.7861290322580644,0,-3.92,29.64,1840.0
2022-06-01,0.5906666666666669,0,-3.92,29.64,1840.0
2022-07-01,0.5199999999999999,0,-3.92,29.64,1840.0
2022-08-01,0.4729032258064519,0,-3.92,29.64,1840.0
2022-09-01,0.4320000000000001,0,-3.92,29.64,1840.0
2022-10-01,0.406774193548387,0,-3.92,29.64,1840.0
2022-11-01,0.5236666666666667,0,-3.92,29.64,1840.0
2022-12-01,0.6716129032258064,0,-3.92,29.64,1840.0
2023-01-01,0.7683870967741935,0,-3.92,29.64,1840.0
2023-02-01,0.9071428571428573,0,-3.92,29.64,1840.0
2023-03-01,1.0451612903225806,0,-3.92,29.64,1840.0
2023-04-01,1.1506666666666665,0,-3.92,29.64,1840.0
2023-05-01,0.9758064516129032,0,-3.92,29.64,1840.0
2023-06-01,0.65,0,-3.92,29.64,1840.0
2023-07-01,0.5422580645161289,0,-3.92,29.64,1840.0
2023-08-01,0.4783870967741936,0,-3.92,29.64,1840.0
2023-09-01,0.5120000000000001,0,-3.92,29.64,1840.0
2023-10-01,0.5241935483870968,0,-3.92,29.64,1840.0
2023-11-01,0.9263333333333336,0,-3.92,29.64,1840.0
2023-12-01,1.1229032258064515,0,-3.92,29.64,1840.0
2024-01-01,1.314516129032258,0,-3.92,29.64,1840.0
2024-02-01,1.1127586206896554,0,-3.92,29.64,1840.0
2024-03-01,0.9438709677419356,0,-3.92,29.64,1840.0
2024-04-01,1.2796666666666667,0,-3.92,29.64,1840.0
2024-05-01,0.9180645161290324,0,-3.92,29.64,1840.0
2024-06-01,0.6683333333333334,0,-3.92,29.64,1840.0
2024-07-01,0.5738709677419357,0,-3.92,29.64,1840.0
2024-08-01,0.52,0,-3.92,29.64,1840.0
2024-09-01,0.4893333333333335,0,-3.92,29.64,1840.0
2024-12-01,0.8012903225806451,0,-3.92,29.64,1840.0
