datetime,date,water_level_m,error_m
1992-10-21 02:53:51,1992-10-21,771.293,0.001
1992-11-09 22:50:54,1992-11-09,771.37,0.001
1992-11-19 20:49:27,1992-11-19,771.265,0.0
1992-12-09 16:46:30,1992-12-09,771.569,0.0
1992-12-29 12:43:32,1992-12-29,771.476,0.0
1993-01-08 10:42:05,1993-01-08,771.542,0.001
1993-01-18 08:40:36,1993-01-18,771.535,0.001
1993-02-07 04:37:40,1993-02-07,771.546,0.001
1993-02-17 02:36:11,1993-02-17,771.489,0.001
1993-02-27 00:34:42,1993-02-27,771.416,0.0
1993-03-28 18:30:16,1993-03-28,771.53,0.002
1993-04-17 14:27:19,1993-04-17,771.595,0.0
1993-04-27 12:25:52,1993-04-27,771.557,0.001
1993-05-07 10:24:23,1993-05-07,771.626,0.001
1993-05-17 08:22:55,1993-05-17,771.621,0.0
1993-05-27 06:21:26,1993-05-27,771.519,0.001
1993-06-06 04:19:58,1993-06-06,771.559,0.001
1993-06-16 02:18:29,1993-06-16,771.483,0.001
1993-06-26 00:17:01,1993-06-26,771.547,0.0
1993-07-05 22:15:30,1993-07-05,771.513,0.001
1993-07-15 20:14:01,1993-07-15,771.556,0.001
1993-08-04 16:11:02,1993-08-04,771.373,0.0
1993-08-14 14:09:33,1993-08-14,771.341,0.002
1993-09-23 06:03:40,1993-09-23,771.145,0.001
1993-10-03 04:02:12,1993-10-03,771.015,0.0
1993-11-21 17:54:49,1993-11-21,770.984,0.001
1994-01-20 05:45:55,1994-01-20,771.15,0.0
1994-02-18 23:41:30,1994-02-18,771.276,0.0
1994-03-10 19:38:34,1994-03-10,771.233,0.0
1994-03-30 15:35:36,1994-03-30,771.416,0.0
1994-05-29 03:26:45,1994-05-29,771.289,0.0
1994-07-27 15:17:56,1994-07-27,770.603,0.001
1994-08-06 13:16:26,1994-08-06,770.747,0.0
1994-08-16 11:14:56,1994-08-16,770.71,0.0
1994-08-26 09:13:28,1994-08-26,770.534,0.0
1994-09-05 07:11:58,1994-09-05,770.79,0.0
1994-09-15 05:10:30,1994-09-15,770.652,0.001
1994-10-14 23:06:03,1994-10-14,770.53,0.0
1994-11-23 15:00:12,1994-11-23,770.626,0.001
1994-12-13 10:57:15,1994-12-13,770.822,0.0
1995-01-02 06:54:23,1995-01-02,770.962,0.001
1995-01-22 02:51:22,1995-01-22,770.733,0.0
1995-03-02 18:45:31,1995-03-02,770.849,0.001
1995-04-01 12:41:02,1995-04-01,771.409,0.0
1995-04-11 10:39:31,1995-04-11,771.368,0.001
1995-05-01 06:36:34,1995-05-01,771.611,0.0
1995-05-21 02:33:36,1995-05-21,771.504,0.0
1995-05-31 00:32:10,1995-05-31,771.234,0.001
1995-06-09 22:30:41,1995-06-09,771.216,0.0
1995-06-19 20:29:14,1995-06-19,771.258,0.0
1995-07-29 12:23:21,1995-07-29,771.028,0.0
1995-09-07 04:17:25,1995-09-07,770.78,0.001
1995-09-17 02:15:55,1995-09-17,770.897,0.001
1995-09-27 00:14:29,1995-09-27,770.705,0.001
1995-10-06 22:12:59,1995-10-06,770.649,0.0
1995-11-25 12:05:37,1995-11-25,771.077,0.0
1995-12-15 08:02:39,1995-12-15,770.989,0.0
1996-01-04 03:59:40,1996-01-04,770.789,0.001
1996-01-23 23:56:44,1996-01-23,770.517,0.001
1996-02-02 21:55:18,1996-02-02,770.65,0.0
1996-03-03 15:50:53,1996-03-03,770.945,0.001
1996-04-12 07:44:59,1996-04-12,771.151,0.0
1996-05-02 03:42:01,1996-05-02,771.229,0.001
1996-05-12 01:40:33,1996-05-12,771.174,0.001
1996-06-10 19:36:08,1996-06-10,771.244,0.001
1996-07-20 11:30:14,1996-07-20,770.658,0.0
1996-09-17 23:21:22,1996-09-17,770.465,0.001
1996-09-27 21:19:54,1996-09-27,770.49,0.0
1996-11-16 11:12:34,1996-11-16,770.473,0.003
1996-11-26 09:11:01,1996-11-26,770.426,0.001
1996-12-06 07:09:33,1996-12-06,770.447,0.0
1996-12-26 03:06:36,1996-12-26,770.576,0.0
1997-01-14 23:03:40,1997-01-14,770.65,0.002
1997-01-24 21:02:12,1997-01-24,770.461,0.0
1997-02-23 14:57:50,1997-02-23,770.359,0.001
1997-03-05 12:56:20,1997-03-05,770.461,0.0
1997-03-15 10:54:50,1997-03-15,770.466,0.001
1997-03-25 08:53:22,1997-03-25,770.514,0.0
1997-04-04 06:51:54,1997-04-04,770.633,0.001
1997-04-14 04:50:27,1997-04-14,770.525,0.001
1997-06-22 14:40:07,1997-06-22,770.706,0.001
1997-07-12 10:37:09,1997-07-12,770.699,0.0
1997-08-01 06:34:10,1997-08-01,770.603,0.001
1997-08-21 02:31:13,1997-08-21,770.342,0.001
1997-08-31 00:29:44,1997-08-31,770.309,0.007
1997-09-19 20:26:49,1997-09-19,770.213,0.0
1997-10-19 14:22:24,1997-10-19,770.166,0.002
1997-10-29 12:20:56,1997-10-29,770.264,0.002
1997-11-28 06:16:29,1997-11-28,770.248,0.0
1997-12-08 04:15:00,1997-12-08,770.567,0.001
1997-12-18 02:13:33,1997-12-18,770.539,0.001
1997-12-28 00:12:02,1997-12-28,770.86,0.001
1998-02-05 16:06:11,1998-02-05,771.323,0.0
1998-02-15 14:04:43,1998-02-15,771.473,0.0
1998-03-07 10:01:48,1998-03-07,771.303,0.0
1998-03-27 05:58:50,1998-03-27,771.399,0.0
1998-04-06 03:57:21,1998-04-06,771.523,0.001
1998-04-16 01:55:53,1998-04-16,771.684,0.001
1998-04-25 23:54:25,1998-04-25,771.845,0.003
1998-05-05 21:52:57,1998-05-05,771.802,0.004
1998-05-15 19:51:28,1998-05-15,771.866,0.0
1998-06-14 13:47:03,1998-06-14,771.877,0.001
1998-07-04 09:44:05,1998-07-04,771.758,0.0
1998-07-14 07:42:36,1998-07-14,771.703,0.0
1998-07-24 05:41:07,1998-07-24,771.848,0.0
1998-08-13 01:38:11,1998-08-13,771.599,0.002
1998-08-22 23:36:42,1998-08-22,771.607,0.001
1998-10-01 15:30:49,1998-10-01,771.298,0.001
1998-11-20 05:23:22,1998-11-20,771.468,0.0
1998-11-30 03:21:55,1998-11-30,771.314,0.001
1998-12-10 01:20:27,1998-12-10,771.367,0.0
1998-12-19 23:18:59,1998-12-19,771.454,0.001
1998-12-29 21:17:30,1998-12-29,771.599,0.0
1999-01-18 17:14:34,1999-01-18,771.676,0.0
1999-02-07 13:11:36,1999-02-07,771.536,0.002
1999-02-27 09:08:40,1999-02-27,771.557,0.0
1999-03-09 07:07:11,1999-03-09,771.468,0.001
1999-03-29 03:04:14,1999-03-29,771.584,0.0
1999-04-08 01:02:45,1999-04-08,771.653,0.001
1999-05-07 18:58:20,1999-05-07,771.67,0.0
1999-05-17 16:56:51,1999-05-17,771.634,0.001
1999-05-27 14:55:23,1999-05-27,771.655,0.001
1999-06-16 10:52:25,1999-06-16,771.508,0.001
1999-06-26 08:50:57,1999-06-26,771.442,0.001
1999-07-06 06:49:29,1999-07-06,771.437,0.002
1999-07-16 04:48:00,1999-07-16,771.274,0.001
1999-08-05 00:45:04,1999-08-05,771.411,0.0
1999-10-03 12:36:11,1999-10-03,771.284,0.001
1999-10-23 08:33:12,1999-10-23,771.082,0.0
1999-11-12 04:30:16,1999-11-12,771.1,0.0
1999-11-22 02:28:48,1999-11-22,771.121,0.001
2000-01-20 14:19:56,2000-01-20,771.309,0.001
2000-02-09 10:17:01,2000-02-09,771.301,0.001
2000-02-19 08:15:33,2000-02-19,771.237,0.0
2000-02-29 06:14:04,2000-02-29,771.255,0.0
2000-03-10 04:12:35,2000-03-10,771.444,0.0
2000-03-20 02:11:07,2000-03-20,771.456,0.0
2000-04-28 18:05:09,2000-04-28,771.638,0.001
2000-05-28 12:00:45,2000-05-28,771.324,0.0
2000-06-07 09:59:16,2000-06-07,771.243,0.0
2000-06-27 05:56:17,2000-06-27,771.089,0.0
2000-07-07 03:54:50,2000-07-07,770.908,0.0
2000-08-05 21:50:23,2000-08-05,770.912,0.001
2000-08-25 17:47:30,2000-08-25,770.644,0.002
2000-09-14 13:44:33,2000-09-14,770.534,0.0
2000-10-14 07:40:05,2000-10-14,770.453,0.0
2000-10-24 05:38:37,2000-10-24,770.399,0.001
2000-11-13 01:35:38,2000-11-13,770.688,0.001
2000-12-02 21:32:42,2000-12-02,770.69,0.001
2000-12-22 17:29:46,2000-12-22,770.697,0.001
2001-01-01 15:28:15,2001-01-01,770.567,0.0
2001-02-10 07:22:22,2001-02-10,771.031,0.0
2001-03-02 03:19:25,2001-03-02,771.055,0.001
2001-03-12 01:17:58,2001-03-12,771.039,0.0
2001-04-20 17:12:01,2001-04-20,771.298,0.001
2001-05-20 11:07:36,2001-05-20,771.278,0.0
2001-05-30 09:06:07,2001-05-30,771.199,0.001
2001-06-09 07:04:38,2001-06-09,771.393,0.001
2001-06-29 03:01:41,2001-06-29,771.104,0.001
2001-07-09 01:00:12,2001-07-09,771.101,0.001
2001-07-18 22:58:45,2001-07-18,771.049,0.001
2001-08-07 18:55:46,2001-08-07,770.921,0.0
2001-08-17 16:54:18,2001-08-17,770.79,0.0
2001-10-06 06:46:54,2001-10-06,770.877,0.001
2001-10-16 04:45:27,2001-10-16,770.665,0.0
2001-11-05 00:42:28,2001-11-05,770.759,0.0
2001-11-14 22:40:59,2001-11-14,770.793,0.0
2001-12-04 18:38:03,2001-12-04,770.662,0.0
2001-12-24 14:35:07,2001-12-24,770.923,0.0
2002-01-13 10:32:08,2002-01-13,770.979,0.0
2002-01-23 08:30:09,2002-01-23,770.953,0.0
2002-02-22 02:25:46,2002-02-22,771.11,0.0
2002-03-04 00:24:17,2002-03-04,770.963,0.0
2002-03-13 22:22:41,2002-03-13,771.023,0.001
2002-04-02 18:19:51,2002-04-02,771.158,0.001
2002-04-22 14:16:45,2002-04-22,771.408,0.0
2002-05-02 12:15:22,2002-05-02,771.349,0.0
2002-05-12 10:13:54,2002-05-12,771.298,0.0
2002-06-01 06:11:00,2002-06-01,771.16,0.0
2002-06-21 02:08:32,2002-06-21,771.09,0.0
2002-07-01 00:06:38,2002-07-01,771.206,0.0
2002-07-10 22:04:25,2002-07-10,771.212,0.001
2002-08-09 16:00:38,2002-08-09,771.143,0.0
2002-08-29 11:57:04,2002-08-29,770.938,0.002
2002-10-08 03:51:10,2002-10-08,770.601,0.002
2002-10-18 01:49:41,2002-10-18,770.45,0.001
2002-11-06 21:46:45,2002-11-06,770.62,0.001
2002-11-26 17:43:48,2002-11-26,770.781,0.002
2002-12-06 15:42:19,2002-12-06,770.669,0.001
2002-12-26 11:39:23,2002-12-26,770.771,0.001
2003-01-05 09:37:53,2003-01-05,770.771,0.001
2003-01-15 07:36:27,2003-01-15,770.908,0.001
2003-01-25 05:34:58,2003-01-25,770.989,0.003
2003-02-04 03:33:28,2003-02-04,771.046,0.003
2003-02-14 01:31:57,2003-02-14,771.071,0.002
2003-03-15 19:27:33,2003-03-15,771.069,0.0
2003-03-25 17:26:06,2003-03-25,771.027,0.0
2003-04-14 13:23:07,2003-04-14,771.173,0.001
2003-05-04 09:20:14,2003-05-04,771.29,0.003
2003-06-03 03:15:48,2003-06-03,771.0,0.001
2003-06-13 01:14:19,2003-06-13,770.997,0.001
2003-06-22 23:12:49,2003-06-22,770.913,0.0
2003-07-12 19:09:54,2003-07-12,770.621,0.001
2003-07-22 17:08:27,2003-07-22,770.621,0.0
2003-08-01 15:06:58,2003-08-01,770.653,0.001
2003-08-11 13:05:29,2003-08-11,770.688,0.0
2003-08-21 11:04:01,2003-08-21,770.718,0.003
2003-08-31 09:02:34,2003-08-31,770.529,0.0
2003-09-10 07:01:05,2003-09-10,770.558,0.001
2003-09-20 04:59:36,2003-09-20,770.496,0.0
2003-09-30 02:58:07,2003-09-30,770.532,0.0
2003-10-10 00:56:38,2003-10-10,770.502,0.005
2003-10-19 22:55:11,2003-10-19,770.288,0.002
2003-11-08 18:52:12,2003-11-08,770.432,0.004
2003-11-28 14:49:16,2003-11-28,770.432,0.0
2003-12-08 12:47:49,2003-12-08,770.558,0.0
2003-12-28 08:44:53,2003-12-28,770.54,0.002
2004-01-17 04:42:01,2004-01-17,770.539,0.003
2004-01-27 02:40:28,2004-01-27,770.617,0.0
2004-02-06 00:38:59,2004-02-06,770.62,0.0
2004-02-25 20:35:59,2004-02-25,770.7,0.0
2004-03-06 18:34:32,2004-03-06,770.638,0.001
2004-03-16 16:33:07,2004-03-16,770.61,0.003
2004-03-26 14:31:42,2004-03-26,770.68,0.003
2004-05-05 06:25:46,2004-05-05,770.76,0.002
2004-05-15 04:24:19,2004-05-15,770.944,0.002
2004-06-04 00:21:20,2004-06-04,770.682,0.002
2004-06-23 20:18:21,2004-06-23,770.601,0.0
2004-07-03 18:16:55,2004-07-03,770.438,0.002
2004-07-13 16:15:28,2004-07-13,770.368,0.003
2004-08-02 12:12:34,2004-08-02,770.168,0.002
2004-08-12 10:11:04,2004-08-12,770.256,0.001
2004-08-22 08:09:36,2004-08-22,770.261,0.0
2004-09-11 04:06:39,2004-09-11,770.156,0.002
2004-09-21 02:05:08,2004-09-21,770.225,0.001
2004-10-01 00:03:38,2004-10-01,770.246,0.001
2004-10-10 22:02:10,2004-10-10,770.17,0.001
2004-10-30 17:59:16,2004-10-30,770.0,0.002
2004-11-19 13:56:21,2004-11-19,770.096,0.001
2004-11-29 11:54:51,2004-11-29,770.143,0.001
2004-12-09 09:53:24,2004-12-09,770.275,0.001
2004-12-19 07:51:56,2004-12-19,770.181,0.0
2004-12-29 05:50:27,2004-12-29,770.281,0.002
2005-01-18 01:47:25,2005-01-18,770.288,0.001
2005-01-27 23:45:59,2005-01-27,770.341,0.001
2005-02-06 21:44:31,2005-02-06,770.373,0.0
2005-02-16 19:43:03,2005-02-16,770.554,0.0
2005-02-26 17:41:36,2005-02-26,770.563,0.001
2005-03-18 13:38:41,2005-03-18,770.715,0.0
2005-03-28 11:37:12,2005-03-28,770.642,0.002
2005-04-17 07:34:16,2005-04-17,770.694,0.001
2005-04-27 05:32:48,2005-04-27,770.629,0.001
2005-05-07 03:31:19,2005-05-07,770.82,0.001
2005-05-17 01:29:49,2005-05-17,770.84,0.001
2005-05-26 23:28:22,2005-05-26,770.705,0.002
2005-06-15 19:25:27,2005-06-15,770.558,0.002
2005-06-25 17:24:00,2005-06-25,770.363,0.001
2005-07-15 13:21:04,2005-07-15,770.238,0.002
2005-07-25 11:19:35,2005-07-25,770.289,0.001
2005-08-14 07:16:40,2005-08-14,770.046,0.002
2005-08-24 05:15:12,2005-08-24,770.152,0.001
2005-09-03 03:13:42,2005-09-03,770.265,0.001
2005-09-13 01:12:12,2005-09-13,770.195,0.002
2005-10-02 21:09:18,2005-10-02,769.9,0.003
2005-11-11 13:03:27,2005-11-11,769.797,0.001
2005-12-21 04:57:32,2005-12-21,770.193,0.001
2005-12-31 02:56:02,2005-12-31,770.211,0.001
2006-01-10 00:54:35,2006-01-10,770.042,0.001
2006-01-19 22:53:05,2006-01-19,770.094,0.002
2006-01-29 20:51:38,2006-01-29,770.174,0.001
2006-02-08 18:50:11,2006-02-08,770.153,0.0
2006-02-18 16:48:46,2006-02-18,770.221,0.0
2006-02-28 14:47:16,2006-02-28,770.02,0.002
2006-03-10 12:45:49,2006-03-10,769.966,0.001
2006-03-20 10:44:20,2006-03-20,770.261,0.002
2006-03-30 08:42:52,2006-03-30,770.237,0.002
2006-04-09 06:41:23,2006-04-09,770.226,0.001
2006-04-19 04:39:54,2006-04-19,770.201,0.001
2006-04-29 02:38:26,2006-04-29,770.461,0.0
2006-05-09 00:36:56,2006-05-09,770.465,0.002
2006-05-18 22:35:28,2006-05-18,770.319,0.001
2006-05-28 20:34:00,2006-05-28,770.418,0.001
2006-06-07 18:32:32,2006-06-07,770.368,0.002
2006-06-17 16:31:02,2006-06-17,770.363,0.002
2006-07-07 12:28:06,2006-07-07,770.24,0.002
2006-07-17 10:26:38,2006-07-17,770.16,0.002
2006-07-27 08:25:11,2006-07-27,770.17,0.004
2006-08-06 06:23:42,2006-08-06,770.161,0.002
2006-08-16 04:22:14,2006-08-16,770.236,0.0
2006-08-26 02:20:46,2006-08-26,770.189,0.0
2006-09-05 00:19:17,2006-09-05,770.034,0.004
2006-09-14 22:17:51,2006-09-14,769.977,0.0
2006-10-14 16:13:24,2006-10-14,769.841,0.0
2006-10-24 14:11:56,2006-10-24,769.832,0.002
2006-11-23 08:07:35,2006-11-23,769.635,0.001
2006-12-23 02:03:07,2006-12-23,769.873,0.001
2007-01-11 22:00:12,2007-01-11,770.234,0.002
2007-01-21 19:58:43,2007-01-21,770.351,0.004
2007-02-10 15:55:46,2007-02-10,770.499,0.003
2007-02-20 13:54:20,2007-02-20,770.644,0.001
2007-03-02 11:52:51,2007-03-02,770.516,0.0
2007-03-12 09:51:25,2007-03-12,770.622,0.001
2007-03-22 07:49:57,2007-03-22,770.642,0.001
2007-04-01 05:48:27,2007-04-01,770.724,0.0
2007-04-21 01:45:29,2007-04-21,770.739,0.001
2007-04-30 23:44:00,2007-04-30,770.956,0.001
2007-05-10 21:42:32,2007-05-10,770.875,0.001
2007-05-30 17:39:36,2007-05-30,770.912,0.001
2007-06-09 15:38:08,2007-06-09,770.867,0.0
2007-06-19 13:36:40,2007-06-19,770.77,0.001
2007-06-29 11:35:12,2007-06-29,770.776,0.0
2007-07-09 09:33:42,2007-07-09,770.485,0.0
2007-07-19 07:32:15,2007-07-19,770.528,0.001
2007-07-29 05:30:46,2007-07-29,770.515,0.001
2007-08-08 03:29:17,2007-08-08,770.463,0.002
2007-08-18 01:27:47,2007-08-18,770.59,0.001
2007-09-16 19:23:25,2007-09-16,770.5,0.0
2007-09-26 17:21:57,2007-09-26,770.331,0.003
2007-10-06 15:20:31,2007-10-06,770.227,0.001
2007-10-16 13:19:01,2007-10-16,770.283,0.001
2007-10-26 11:17:34,2007-10-26,770.089,0.002
2007-11-05 09:16:05,2007-11-05,770.13,0.001
2007-11-25 05:13:06,2007-11-25,770.052,0.0
2007-12-05 03:11:41,2007-12-05,770.184,0.001
2008-01-13 19:05:46,2008-01-13,770.424,0.001
2008-01-23 17:04:18,2008-01-23,770.587,0.0
2008-02-02 15:02:51,2008-02-02,770.55,0.001
2008-02-12 13:01:24,2008-02-12,770.678,0.001
2008-02-22 10:59:55,2008-02-22,770.597,0.001
2008-03-03 08:58:28,2008-03-03,770.79,0.0
2008-03-13 06:57:00,2008-03-13,770.706,0.002
2008-04-12 00:52:31,2008-04-12,770.985,0.003
2008-05-01 20:49:34,2008-05-01,771.257,0.0
2008-05-21 16:46:38,2008-05-21,771.089,0.001
2008-05-31 14:45:10,2008-05-31,771.325,0.001
2008-06-10 12:43:42,2008-06-10,771.083,0.001
2008-06-20 10:42:12,2008-06-20,771.104,0.001
2008-06-30 08:40:46,2008-06-30,770.954,0.001
2008-07-10 06:39:17,2008-07-10,770.718,0.0
2008-07-20 04:38:18,2008-07-20,770.716,0.001
2008-07-30 02:36:45,2008-07-30,770.835,0.0
2008-08-09 00:35:45,2008-08-09,770.576,0.002
2008-08-18 22:34:17,2008-08-18,770.699,0.002
2008-09-07 18:30:55,2008-09-07,770.599,0.0
2008-09-17 16:29:26,2008-09-17,770.492,0.0
2008-09-27 14:28:02,2008-09-27,770.556,0.001
2008-10-07 12:26:28,2008-10-07,770.553,0.001
2008-10-17 10:25:01,2008-10-17,770.573,0.0
2008-10-27 08:23:32,2008-10-27,770.44,0.001
2008-11-06 06:22:03,2008-11-06,770.486,0.0
2008-11-26 02:18:58,2008-11-26,770.424,0.002
2008-12-06 00:17:41,2008-12-06,770.61,0.002
2009-01-04 18:13:18,2009-01-04,770.657,0.001
2009-01-14 16:11:40,2009-01-14,770.637,0.0
2009-01-24 14:10:16,2009-01-24,770.838,0.0
2009-02-13 10:07:48,2009-02-13,770.823,0.002
2009-03-15 04:03:23,2009-03-15,770.8,0.0
2009-03-25 02:01:53,2009-03-25,770.987,0.0
2009-04-04 00:00:26,2009-04-04,770.897,0.003
2009-04-13 21:58:55,2009-04-13,771.066,0.001
2009-04-23 19:57:27,2009-04-23,771.0,0.001
2009-05-03 17:55:57,2009-05-03,771.205,0.002
2009-05-13 15:54:29,2009-05-13,771.287,0.002
2009-05-23 13:53:02,2009-05-23,771.259,0.0
2009-06-22 07:48:38,2009-06-22,771.019,0.001
2009-07-02 05:47:09,2009-07-02,770.975,0.001
2009-07-12 03:45:38,2009-07-12,771.067,0.003
2009-07-22 01:44:12,2009-07-22,770.936,0.002
2009-08-10 21:41:14,2009-08-10,770.941,0.001
2009-08-20 19:39:44,2009-08-20,770.894,0.003
2009-08-30 17:38:16,2009-08-30,770.692,0.001
2009-09-09 15:36:49,2009-09-09,770.645,0.0
2009-09-29 11:33:52,2009-09-29,770.787,0.0
2009-10-09 09:32:25,2009-10-09,770.697,0.001
2009-10-19 07:30:57,2009-10-19,770.649,0.001
2009-10-29 05:29:28,2009-10-29,770.449,0.002
2009-11-18 01:26:31,2009-11-18,770.665,0.0
2009-12-27 17:20:36,2009-12-27,770.953,0.002
2010-01-16 13:17:41,2010-01-16,771.073,0.001
2010-01-26 11:16:12,2010-01-26,771.206,0.002
2010-02-05 09:14:44,2010-02-05,771.335,0.001
2010-02-25 05:11:48,2010-02-25,771.108,0.001
2010-03-07 03:10:19,2010-03-07,770.991,0.001
2010-03-17 01:08:49,2010-03-17,771.115,0.0
2010-03-26 23:07:20,2010-03-26,771.103,0.0
2010-04-25 17:02:55,2010-04-25,771.297,0.001
2010-05-05 15:01:26,2010-05-05,771.287,0.002
2010-05-15 12:59:57,2010-05-15,771.397,0.001
2010-05-25 10:58:29,2010-05-25,771.437,0.001
2010-06-14 06:55:32,2010-06-14,771.351,0.001
2010-07-14 00:51:06,2010-07-14,771.102,0.001
2010-07-23 22:49:36,2010-07-23,771.07,0.001
2010-08-02 20:48:09,2010-08-02,771.007,0.002
2010-08-12 18:46:41,2010-08-12,770.825,0.0
2010-08-22 16:45:13,2010-08-22,770.906,0.002
2010-09-01 14:43:45,2010-09-01,770.904,0.002
2010-09-11 12:42:17,2010-09-11,770.881,0.001
2010-10-01 08:39:20,2010-10-01,770.831,0.0
2010-10-31 02:34:52,2010-10-31,770.87,0.0
2010-11-19 22:31:56,2010-11-19,770.749,0.0
2010-11-29 20:30:29,2010-11-29,770.612,0.001
2010-12-09 18:29:00,2010-12-09,770.52,0.001
2010-12-19 16:27:32,2010-12-19,770.658,0.0
2010-12-29 14:26:03,2010-12-29,770.615,0.001
2011-01-08 12:24:35,2011-01-08,770.596,0.001
2011-02-07 06:20:08,2011-02-07,770.71,0.002
2011-02-17 04:18:39,2011-02-17,770.775,0.0
2011-02-27 02:17:10,2011-02-27,770.801,0.0
2011-03-09 00:15:41,2011-03-09,770.897,0.002
2011-03-18 22:14:14,2011-03-18,770.949,0.003
2011-04-17 16:09:50,2011-04-17,771.181,0.003
2011-04-27 14:08:20,2011-04-27,771.212,0.0
2011-05-07 12:06:52,2011-05-07,771.219,0.0
2011-05-27 08:03:53,2011-05-27,771.043,0.001
2011-06-16 04:00:58,2011-06-16,771.009,0.003
2011-06-26 01:59:30,2011-06-26,770.879,0.002
2011-07-05 23:58:02,2011-07-05,770.951,0.003
2011-07-15 21:56:33,2011-07-15,770.992,0.002
2011-07-25 19:55:04,2011-07-25,770.852,0.002
2011-08-14 15:52:06,2011-08-14,770.93,0.003
2011-08-24 13:50:36,2011-08-24,770.896,0.0
2011-09-03 11:49:09,2011-09-03,770.687,0.002
2011-09-13 09:47:40,2011-09-13,770.627,0.003
2011-10-13 03:43:15,2011-10-13,770.576,0.0
2011-10-23 01:41:45,2011-10-23,770.589,0.002
2011-11-01 23:40:17,2011-11-01,770.737,0.001
2011-11-11 21:38:49,2011-11-11,770.863,0.002
2011-11-21 19:37:21,2011-11-21,770.8,0.002
2011-12-01 17:35:53,2011-12-01,770.957,0.0
2011-12-11 15:34:24,2011-12-11,770.836,0.003
2011-12-21 13:32:56,2011-12-21,770.885,0.002
2011-12-31 11:31:29,2011-12-31,770.812,0.0
2012-01-20 07:28:32,2012-01-20,770.835,0.0
2012-01-30 05:27:03,2012-01-30,771.016,0.003
2012-02-09 03:25:33,2012-02-09,771.014,0.0
2012-02-19 01:24:05,2012-02-19,770.996,0.001
2012-02-28 23:22:36,2012-02-28,771.232,0.0
2012-03-09 21:21:06,2012-03-09,771.082,0.0
2012-03-19 19:19:39,2012-03-19,771.15,0.002
2012-03-29 17:18:12,2012-03-29,771.054,0.002
2012-04-08 15:16:43,2012-04-08,771.288,0.0
2012-04-18 13:15:15,2012-04-18,771.173,0.003
2012-05-08 09:12:17,2012-05-08,771.318,0.003
2012-05-18 07:10:48,2012-05-18,771.266,0.0
2012-06-07 03:07:51,2012-06-07,771.348,0.0
2012-06-17 01:06:24,2012-06-17,771.373,0.0
2012-07-06 21:03:27,2012-07-06,771.164,0.002
2012-07-26 17:00:28,2012-07-26,771.048,0.0
2012-08-05 14:59:00,2012-08-05,771.039,0.002
2012-08-15 12:57:32,2012-08-15,770.879,0.002
2012-08-25 10:56:03,2012-08-25,770.943,0.001
2012-09-04 08:54:36,2012-09-04,770.882,0.002
2012-09-14 06:53:06,2012-09-14,770.805,0.001
2012-09-24 04:51:39,2012-09-24,770.604,0.001
2012-10-04 02:50:09,2012-10-04,770.726,0.0
2012-10-14 00:48:39,2012-10-14,770.597,0.0
2012-10-23 22:47:11,2012-10-23,770.727,0.0
2012-11-22 16:42:46,2012-11-22,770.832,0.002
2012-12-22 10:38:22,2012-12-22,770.936,0.001
2013-01-01 08:36:54,2013-01-01,771.085,0.002
2013-01-11 06:35:26,2013-01-11,771.109,0.003
2013-01-31 02:32:30,2013-01-31,771.079,0.001
2013-02-10 00:30:59,2013-02-10,771.033,0.001
2013-03-01 20:28:03,2013-03-01,771.127,0.001
2013-03-11 18:26:34,2013-03-11,771.137,0.001
2013-04-20 10:20:43,2013-04-20,771.471,0.001
2013-04-30 08:19:13,2013-04-30,771.362,0.002
2013-05-10 06:17:44,2013-05-10,771.408,0.002
2013-05-20 04:16:14,2013-05-20,771.538,0.0
2013-05-30 02:14:49,2013-05-30,771.379,0.0
2013-06-18 22:11:52,2013-06-18,771.284,0.0
2013-06-28 20:10:22,2013-06-28,771.192,0.002
2013-07-18 16:07:25,2013-07-18,771.074,0.0
2013-08-07 12:04:27,2013-08-07,771.192,0.003
2013-09-26 01:57:06,2013-09-26,771.187,0.0
2013-10-05 23:55:36,2013-10-05,771.193,0.002
2013-10-15 21:54:10,2013-10-15,771.126,0.001
2013-11-04 17:51:12,2013-11-04,770.919,0.002
2013-11-24 13:48:16,2013-11-24,771.108,0.001
2013-12-04 11:46:48,2013-12-04,771.023,0.0
2013-12-14 09:45:19,2013-12-14,771.175,0.003
2013-12-24 07:43:49,2013-12-24,771.351,0.001
2014-01-03 05:42:24,2014-01-03,771.289,0.001
2014-01-13 03:40:56,2014-01-13,771.414,0.0
2014-01-23 01:39:27,2014-01-23,771.327,0.002
2014-02-01 23:37:57,2014-02-01,771.242,0.0
2014-02-11 21:36:31,2014-02-11,771.267,0.003
2014-02-21 19:35:01,2014-02-21,771.372,0.003
2014-03-03 17:33:31,2014-03-03,771.472,0.0
2014-03-13 15:32:05,2014-03-13,771.326,0.002
2014-03-23 13:30:38,2014-03-23,771.423,0.002
2014-04-02 11:29:10,2014-04-02,771.476,0.002
2014-04-22 07:26:10,2014-04-22,771.446,0.001
2014-05-02 05:24:43,2014-05-02,771.543,0.0
2014-05-12 03:23:16,2014-05-12,771.365,0.0
2014-05-22 01:21:46,2014-05-22,771.472,0.001
2014-05-31 23:20:20,2014-05-31,771.281,0.002
2014-06-10 21:18:51,2014-06-10,771.395,0.002
2014-06-20 19:17:22,2014-06-20,771.444,0.001
2014-06-30 17:15:52,2014-06-30,771.448,0.002
2014-07-10 15:14:23,2014-07-10,771.439,0.002
2014-07-20 13:12:56,2014-07-20,771.229,0.003
2014-08-09 09:10:01,2014-08-09,771.196,0.003
2014-08-19 07:08:31,2014-08-19,770.997,0.001
2014-08-29 05:07:03,2014-08-29,771.178,0.003
2014-09-08 03:05:35,2014-09-08,771.054,0.001
2014-09-18 01:04:07,2014-09-18,770.911,0.001
2014-09-27 23:02:39,2014-09-27,770.973,0.0
2014-10-07 21:01:08,2014-10-07,770.865,0.002
2014-10-27 16:58:12,2014-10-27,770.929,0.001
2014-11-16 12:55:16,2014-11-16,770.947,0.001
2014-11-26 10:53:47,2014-11-26,770.99,0.001
2014-12-06 08:52:17,2014-12-06,771.186,0.0
2014-12-26 04:49:23,2014-12-26,771.122,0.002
2015-01-05 02:47:54,2015-01-05,771.322,0.002
2015-02-13 18:42:01,2015-02-13,771.31,0.001
2015-02-23 16:40:31,2015-02-23,771.209,0.001
2015-03-05 14:39:01,2015-03-05,771.091,0.001
2015-03-15 12:37:35,2015-03-15,771.315,0.002
2015-04-04 08:34:40,2015-04-04,771.336,0.001
2015-04-14 06:33:14,2015-04-14,771.537,0.003
2015-04-24 04:31:43,2015-04-24,771.566,0.001
2015-05-04 02:30:15,2015-05-04,771.493,0.001
2015-05-14 00:28:43,2015-05-14,771.642,0.002
2015-05-23 22:27:15,2015-05-23,771.488,0.002
2015-06-02 20:25:47,2015-06-02,771.468,0.003
2015-06-12 18:24:21,2015-06-12,771.616,0.001
2015-06-22 16:22:53,2015-06-22,771.525,0.001
2015-07-12 12:19:56,2015-07-12,771.463,0.0
2015-07-22 10:18:27,2015-07-22,771.281,0.001
2015-08-01 08:16:57,2015-08-01,771.191,0.0
2015-08-11 06:15:29,2015-08-11,771.222,0.0
2015-08-21 04:14:00,2015-08-21,771.06,0.003
2015-08-31 02:12:31,2015-08-31,771.01,0.0
2015-09-10 00:11:03,2015-09-10,770.785,0.003
2015-09-19 22:09:35,2015-09-19,770.848,0.0
2015-09-29 20:08:09,2015-09-29,770.741,0.001
2015-10-19 16:05:12,2015-10-19,770.857,0.001
2015-10-29 14:03:45,2015-10-29,770.917,0.0
2015-11-08 12:02:16,2015-11-08,770.962,0.0
2015-11-18 10:00:46,2015-11-18,771.173,0.001
2015-11-28 07:59:18,2015-11-28,771.165,0.002
2015-12-08 05:57:51,2015-12-08,771.06,0.003
2015-12-18 03:56:22,2015-12-18,771.166,0.0
2015-12-28 01:54:52,2015-12-28,771.129,0.002
2016-01-16 21:51:55,2016-01-16,771.343,0.001
2016-02-05 17:48:58,2016-02-05,771.558,0.001
2016-02-15 15:47:32,2016-02-15,771.636,0.001
2016-03-06 11:45:13,2016-03-06,771.529,0.001
2016-03-16 09:43:09,2016-03-16,771.647,0.0
2016-03-26 07:42:22,2016-03-26,771.459,0.0
2016-04-05 05:40:54,2016-04-05,771.507,0.001
2016-04-25 01:37:54,2016-04-25,771.511,0.001
2016-05-14 21:34:58,2016-05-14,771.635,0.002
2016-05-24 19:33:26,2016-05-24,771.705,0.0
2016-06-03 17:32:00,2016-06-03,771.678,0.0
2016-06-13 15:30:28,2016-06-13,771.722,0.001
2016-07-03 11:27:42,2016-07-03,771.594,0.0
2016-07-13 09:26:09,2016-07-13,771.591,0.0
2016-08-02 05:23:17,2016-08-02,771.333,0.001
2016-08-12 03:21:41,2016-08-12,771.285,0.0
2016-08-22 01:20:16,2016-08-22,771.217,0.001
2016-08-31 23:18:40,2016-08-31,771.332,0.001
2016-09-10 21:17:19,2016-09-10,771.353,0.001
2016-09-20 19:15:52,2016-09-20,771.307,0.0
2016-10-10 15:13:34,2016-10-10,771.175,0.0
2016-10-20 13:12:05,2016-10-20,771.016,0.001
2016-11-09 09:09:08,2016-11-09,771.031,0.001
2016-11-19 07:07:39,2016-11-19,771.028,0.001
2016-12-09 03:04:41,2016-12-09,771.379,0.0
2016-12-19 01:03:12,2016-12-19,771.261,0.003
2016-12-28 23:01:45,2016-12-28,771.386,0.0
2017-01-07 21:00:15,2017-01-07,771.312,0.001
2017-01-17 18:58:48,2017-01-17,771.319,0.0
2017-01-27 16:57:19,2017-01-27,771.274,0.002
2017-02-06 14:55:51,2017-02-06,771.302,0.002
2017-02-16 12:54:23,2017-02-16,771.288,0.0
2017-02-26 10:52:55,2017-02-26,771.408,0.002
2017-03-08 08:51:26,2017-03-08,771.555,0.0
2017-03-28 04:48:28,2017-03-28,771.561,0.002
2017-04-07 02:46:59,2017-04-07,771.827,0.001
2017-04-17 00:45:28,2017-04-17,771.696,0.001
2017-05-16 18:41:07,2017-05-16,771.694,0.0
2017-05-26 16:39:40,2017-05-26,771.448,0.0
2017-06-05 14:38:11,2017-06-05,771.329,0.001
2017-06-15 12:36:42,2017-06-15,771.463,0.0
2017-07-15 06:32:19,2017-07-15,771.118,0.002
2017-07-25 04:30:51,2017-07-25,770.943,0.001
2017-08-14 00:27:51,2017-08-14,770.952,0.003
2017-09-12 18:23:25,2017-09-12,771.163,0.004
2017-09-22 16:21:58,2017-09-22,771.096,0.003
2017-10-02 14:20:32,2017-10-02,770.925,0.001
2017-10-12 12:19:02,2017-10-12,770.984,0.0
2017-10-22 10:17:35,2017-10-22,770.957,0.001
2017-11-01 08:16:06,2017-11-01,771.052,0.001
2017-11-11 06:14:37,2017-11-11,770.839,0.001
2017-11-21 04:13:09,2017-11-21,770.992,0.003
2017-12-01 02:11:40,2017-12-01,770.891,0.003
2017-12-11 00:10:11,2017-12-11,770.942,0.002
2017-12-20 22:08:42,2017-12-20,771.155,0.002
2017-12-30 20:07:15,2017-12-30,771.027,0.0
2018-01-09 18:05:46,2018-01-09,771.173,0.0
2018-01-19 16:04:19,2018-01-19,771.23,0.002
2018-01-29 14:02:49,2018-01-29,771.415,0.001
2018-02-08 12:01:22,2018-02-08,771.395,0.0
2018-02-18 09:59:54,2018-02-18,771.333,0.001
2018-02-28 07:58:25,2018-02-28,771.428,0.001
2018-03-10 05:56:57,2018-03-10,771.532,0.0
2018-03-20 03:55:27,2018-03-20,771.423,0.0
2018-03-30 01:53:56,2018-03-30,771.599,0.004
2018-04-08 23:52:29,2018-04-08,771.71,0.0
2018-04-18 21:51:00,2018-04-18,771.919,0.001
2018-04-28 19:49:33,2018-04-28,772.052,0.0
2018-05-18 15:46:35,2018-05-18,771.924,0.002
2018-05-28 13:45:08,2018-05-28,771.908,0.001
2018-06-07 11:43:40,2018-06-07,771.846,0.001
2018-06-17 09:42:12,2018-06-17,771.806,0.003
2018-07-17 03:37:46,2018-07-17,771.682,0.002
2018-08-05 23:34:49,2018-08-05,771.712,0.002
2018-08-15 21:33:18,2018-08-15,771.755,0.001
2018-08-25 19:31:52,2018-08-25,771.589,0.0
2018-09-04 17:30:24,2018-09-04,771.651,0.001
2018-10-04 11:26:00,2018-10-04,771.492,0.002
2018-10-14 09:24:31,2018-10-14,771.496,0.0
2018-10-24 07:23:02,2018-10-24,771.412,0.001
2018-11-03 05:21:34,2018-11-03,771.416,0.0
2018-11-23 01:18:34,2018-11-23,771.403,0.002
2018-12-02 23:17:07,2018-12-02,771.511,0.003
2018-12-12 21:15:37,2018-12-12,771.637,0.001
2019-01-11 15:11:14,2019-01-11,771.758,0.001
2019-01-21 13:09:47,2019-01-21,771.73,0.001
2019-01-31 11:08:20,2019-01-31,771.884,0.003
2019-02-20 07:05:21,2019-02-20,771.742,0.0
2019-03-12 03:02:24,2019-03-12,771.845,0.001
2019-03-31 22:59:24,2019-03-31,771.851,0.001
2019-04-20 18:56:27,2019-04-20,771.903,0.001
2019-05-10 14:53:31,2019-05-10,772.032,0.001
2019-05-20 12:52:03,2019-05-20,771.93,0.0
2019-05-30 10:50:36,2019-05-30,771.896,0.0
2019-06-09 08:49:08,2019-06-09,772.01,0.0
2019-06-19 06:47:39,2019-06-19,771.904,0.0
2019-06-29 04:46:12,2019-06-29,771.896,0.0
2019-07-09 02:44:41,2019-07-09,771.621,0.001
2019-07-19 00:43:12,2019-07-19,771.579,0.001
2019-07-28 22:41:43,2019-07-28,771.628,0.003
2019-08-17 18:38:46,2019-08-17,771.368,0.003
2019-08-27 16:37:19,2019-08-27,771.338,0.003
2019-09-06 14:35:49,2019-09-06,771.375,0.0
2019-09-16 12:34:21,2019-09-16,771.463,0.002
2019-09-26 10:32:54,2019-09-26,771.324,0.001
2019-10-16 06:29:55,2019-10-16,771.423,0.0
2019-10-26 04:28:28,2019-10-26,771.194,0.003
2019-11-05 02:26:58,2019-11-05,771.37,0.0
2019-11-24 22:23:59,2019-11-24,771.387,0.0
2019-12-24 16:19:33,2019-12-24,771.607,0.001
2020-01-03 14:18:07,2020-01-03,771.604,0.001
2020-01-13 12:16:39,2020-01-13,771.728,0.0
2020-01-23 10:15:11,2020-01-23,771.997,0.001
2020-03-03 02:09:14,2020-03-03,772.251,0.001
2020-03-13 00:07:47,2020-03-13,772.184,0.0
2020-03-22 22:06:17,2020-03-22,772.321,0.004
2020-04-01 20:04:48,2020-04-01,772.492,0.001
2020-04-11 18:03:23,2020-04-11,772.496,0.001
2020-05-11 11:58:58,2020-05-11,772.768,0.002
2020-05-21 09:57:29,2020-05-21,772.86,0.001
2020-05-31 07:56:02,2020-05-31,772.786,0.002
2020-06-10 05:54:32,2020-06-10,772.759,0.001
2020-06-20 03:53:03,2020-06-20,772.777,0.0
2020-06-30 01:51:34,2020-06-30,772.668,0.0
2020-07-09 23:50:06,2020-07-09,772.58,0.001
2020-07-19 21:48:36,2020-07-19,772.644,0.002
2020-07-29 19:47:06,2020-07-29,772.596,0.002
2020-08-08 17:45:40,2020-08-08,772.49,0.0
2020-08-28 13:42:43,2020-08-28,772.331,0.0
2020-09-07 11:41:16,2020-09-07,772.427,0.001
2020-09-17 09:39:47,2020-09-17,772.317,0.001
2020-09-27 07:38:19,2020-09-27,772.141,0.002
2020-10-17 03:35:22,2020-10-17,772.071,0.002
2020-11-05 23:32:23,2020-11-05,772.082,0.001
2020-11-25 19:29:27,2020-11-25,772.282,0.001
2020-12-05 17:27:59,2020-12-05,772.47,0.001
2020-12-15 15:26:30,2020-12-15,772.656,0.001
2021-01-04 11:23:35,2021-01-04,772.523,0.001
2021-01-14 09:22:05,2021-01-14,772.85,0.002
2021-01-24 07:20:36,2021-01-24,772.793,0.0
2021-02-03 05:19:05,2021-02-03,772.695,0.002
2021-02-13 03:17:38,2021-02-13,772.786,0.0
2021-02-23 01:16:09,2021-02-23,772.791,0.001
2021-03-14 21:13:14,2021-03-14,772.816,0.0
2021-03-24 19:11:44,2021-03-24,772.943,0.001
2021-04-23 13:07:19,2021-04-23,773.042,0.003
2021-05-03 11:05:51,2021-05-03,773.184,0.002
2021-05-13 09:04:23,2021-05-13,773.084,0.001
2021-06-02 05:01:26,2021-06-02,773.119,0.003
2021-06-12 02:59:58,2021-06-12,773.127,0.0
2021-07-01 22:57:01,2021-07-01,773.14,0.0
2021-07-11 20:55:31,2021-07-11,772.89,0.002
2021-07-21 18:54:02,2021-07-21,772.833,0.001
2021-07-31 16:52:34,2021-07-31,773.015,0.001
2021-08-10 14:51:06,2021-08-10,772.817,0.002
2021-08-20 12:49:38,2021-08-20,772.737,0.0
2021-09-19 06:45:13,2021-09-19,772.668,0.0
2021-09-29 04:43:46,2021-09-29,772.753,0.0
2021-10-28 22:39:18,2021-10-28,772.592,0.001
2021-11-07 20:37:47,2021-11-07,772.719,0.002
2021-11-17 18:36:22,2021-11-17,772.565,0.001
2021-11-27 16:34:52,2021-11-27,772.689,0.001
2021-12-27 10:30:29,2021-12-27,772.664,0.001
2022-01-06 08:29:02,2022-01-06,772.785,0.002
2022-01-16 06:27:32,2022-01-16,772.947,0.0
2022-01-26 04:26:04,2022-01-26,772.884,0.0
2022-02-24 22:21:36,2022-02-24,772.709,0.0
2022-03-06 20:20:09,2022-03-06,772.75,0.001
2022-03-16 18:18:42,2022-03-16,772.68,0.001
2022-04-05 14:15:44,2022-04-05,772.866,0.002
2022-04-15 12:14:43,2022-04-15,772.979,0.001
2022-04-25 10:13:15,2022-04-25,772.979,0.0
2022-05-05 08:11:46,2022-05-05,773.111,0.002
2022-05-15 06:10:18,2022-05-15,773.255,0.001
2022-05-25 04:08:49,2022-05-25,773.189,0.001
2022-06-14 00:05:50,2022-06-14,773.241,0.002
2022-07-13 18:01:27,2022-07-13,772.765,0.002
2022-07-23 15:59:59,2022-07-23,772.795,0.0
2022-08-22 09:55:34,2022-08-22,772.528,0.001
2022-09-01 07:54:05,2022-09-01,772.554,0.002
2022-09-11 05:52:36,2022-09-11,772.627,0.0
2022-10-01 01:49:38,2022-10-01,772.275,0.001
2022-10-10 23:48:09,2022-10-10,772.32,0.002
2022-11-09 17:43:47,2022-11-09,772.216,0.0
2022-11-29 13:40:51,2022-11-29,772.189,0.0
2022-12-19 09:37:53,2022-12-19,772.503,0.003
2022-12-29 07:36:25,2022-12-29,772.521,0.001
2023-01-08 05:34:54,2023-01-08,772.46,0.002
2023-01-18 03:33:25,2023-01-18,772.734,0.0
2023-01-28 01:31:56,2023-01-28,772.74,0.002
2023-02-06 23:30:30,2023-02-06,772.748,0.001
2023-02-26 19:27:34,2023-02-26,772.702,0.001
2023-03-08 17:26:06,2023-03-08,772.935,0.001
2023-03-18 15:24:38,2023-03-18,772.929,0.001
2023-04-07 11:21:41,2023-04-07,773.003,0.001
2023-04-17 09:20:13,2023-04-17,772.985,0.001
2023-05-07 05:17:13,2023-05-07,773.092,0.0
2023-05-17 03:15:44,2023-05-17,773.019,0.001
2023-05-27 01:14:15,2023-05-27,773.304,0.002
2023-06-15 21:11:20,2023-06-15,773.135,0.001
2023-07-05 17:08:23,2023-07-05,773.072,0.002
2023-07-15 15:06:55,2023-07-15,772.901,0.001
2023-07-25 13:05:26,2023-07-25,772.769,0.0
2023-09-13 02:58:07,2023-09-13,772.631,0.001
2023-09-23 00:56:37,2023-09-23,772.792,0.001
2023-10-02 22:55:11,2023-10-02,772.614,0.001
2023-10-12 20:53:41,2023-10-12,772.737,0.0
2023-11-01 16:50:44,2023-11-01,772.665,0.0
2023-11-11 14:49:15,2023-11-11,772.545,0.001
2023-11-21 12:47:45,2023-11-21,772.518,0.002
2023-12-01 10:46:17,2023-12-01,772.685,0.001
2023-12-11 08:44:49,2023-12-11,772.872,0.001
2023-12-21 06:43:22,2023-12-21,772.815,0.002
2024-01-10 02:40:25,2024-01-10,773.106,0.001
2024-03-09 14:31:35,2024-03-09,773.518,0.0
2024-03-29 10:28:39,2024-03-29,773.536,0.001
2024-04-18 06:25:43,2024-04-18,773.581,0.0
2024-04-28 04:24:15,2024-04-28,773.582,0.0
2024-05-08 02:22:45,2024-05-08,773.644,0.002
2024-05-18 00:21:16,2024-05-18,773.581,0.001
2024-05-27 22:19:47,2024-05-27,773.611,0.0
2024-06-06 20:18:20,2024-06-06,773.536,0.0
2024-06-16 18:16:52,2024-06-16,773.59,0.001
2024-07-06 14:13:56,2024-07-06,773.467,0.0
2024-07-16 12:12:28,2024-07-16,773.549,0.002
2024-08-05 08:09:32,2024-08-05,773.591,0.001
2024-08-15 06:08:03,2024-08-15,773.632,0.002
2024-08-25 04:06:33,2024-08-25,773.525,0.001
2024-09-23 22:02:07,2024-09-23,773.486,0.003
2024-10-23 15:57:44,2024-10-23,773.297,0.0
2024-11-02 13:56:16,2024-11-02,773.365,0.0
2024-11-12 11:54:48,2024-11-12,773.148,0.0
2024-11-22 09:53:18,2024-11-22,773.351,0.0
2024-12-02 07:51:49,2024-12-02,773.367,0.001
2024-12-12 05:50:20,2024-12-12,773.355,0.002
2025-01-01 01:47:24,2025-01-01,773.358,0.001
2025-01-10 23:45:56,2025-01-10,773.502,0.002
2025-01-20 21:44:29,2025-01-20,773.483,0.002
2025-01-30 19:43:00,2025-01-30,773.34,0.001
2025-02-19 15:40:03,2025-02-19,773.654,0.0
2025-03-01 13:38:35,2025-03-01,773.519,0.002
2025-03-11 11:37:05,2025-03-11,773.529,0.002
2025-04-10 05:32:41,2025-04-10,773.652,0.002
2025-04-20 03:31:13,2025-04-20,773.71,0.0
2025-04-30 01:29:45,2025-04-30,773.56,0.001
2025-05-09 23:28:17,2025-05-09,773.555,0.001
2025-05-19 21:26:48,2025-05-19,773.598,0.0
2025-06-08 17:23:51,2025-06-08,773.516,0.0
2025-06-18 15:22:21,2025-06-18,773.598,0.002
2025-06-28 13:20:54,2025-06-28,773.611,0.001
2025-07-08 11:19:25,2025-07-08,773.477,0.001
2025-07-18 09:17:57,2025-07-18,773.467,0.0
2025-07-28 07:16:29,2025-07-28,773.521,0.0
2025-08-07 05:15:00,2025-08-07,773.386,0.001
2025-08-17 03:13:33,2025-08-17,773.579,0.001
2025-08-27 01:12:05,2025-08-27,773.459,0.001
2025-09-15 21:09:06,2025-09-15,773.391,0.001
2025-09-25 19:07:37,2025-09-25,773.347,0.001
2025-10-15 15:04:39,2025-10-15,773.051,0.0
2025-10-25 13:03:13,2025-10-25,773.121,0.0
2025-11-04 11:01:45,2025-11-04,773.142,0.001
2025-11-14 09:00:16,2025-11-14,772.981,0.001
2025-11-24 06:58:48,2025-11-24,773.208,0.001
2025-12-04 04:57:21,2025-12-04,773.105,0.0
2025-12-14 02:55:50,2025-12-14,773.136,0.0
2025-12-24 00:54:23,2025-12-24,773.263,0.0
2026-01-02 22:52:51,2026-01-02,773.495,0.001
2026-01-22 18:49:55,2026-01-22,773.487,0.001
2026-02-21 12:45:34,2026-02-21,773.539,0.0
2026-04-02 04:39:41,2026-04-02,773.211,0.001
2026-04-12 02:38:13,2026-04-12,773.478,0.0
2026-04-22 00:36:44,2026-04-22,773.602,0.002
