river,date,year,month,water_level,water_level_observed,runoff,runoff_observed,temp_max_observed,temp_min_observed,temp_mean_observed,precip_observed,temp_source,precip_source,era5_grid,era5_t2m_mean,era5_t2m_min,era5_t2m_max,era5_tp_sum,era5_u10_mean,era5_v10_mean,era5_d2m_mean,era5_msl_mean
Mpanda,2008-12-01,2008,12,0.9261290322580648,0.9261290322580648,11.76,11.76,21.306451612903224,11.264516129032257,16.28548387096774,125.1,RWEGURA,RWEGURA,grid_m3.00_29.50,18.94182565860217,12.320520000000045,27.70980000000003,173.93303020358,-0.4644713450137096,-0.3598809191740591,13.150960470430107,101280.64129704301
Mpanda,2009-01-01,2009,1,0.8893548387096775,0.8893548387096775,10.37,10.37,20.660000000000004,11.413333333333332,16.03666666666667,247.60000000000002,RWEGURA,RWEGURA,grid_m3.00_29.50,18.94403494623657,12.36318,27.467700000000036,412.48416818704,-0.3152977938966398,-0.39101279465766126,13.254311048387137,101331.01302419354
Mpanda,2009-02-01,2009,2,0.9182142857142858,0.9182142857142858,5.41,5.41,20.575,11.0,15.7875,205.8,RWEGURA,RWEGURA,grid_m3.00_29.50,18.212384270833354,12.389550000000042,25.90664000000004,308.504104704,-0.48962836027232143,-0.16106333014255952,13.9508185119048,101288.54663690476
Mpanda,2009-03-01,2009,3,0.9906451612903227,0.9906451612903227,10.55,10.55,20.95483870967742,11.706451612903225,16.330645161290324,176.4,RWEGURA,RWEGURA,grid_m3.00_29.50,18.949019435483876,12.322530000000029,26.652000000000044,299.18193850808,-0.6786679095461021,-0.15715861577284945,14.348863185483879,101242.70546370967
Mpanda,2009-04-01,2009,4,1.164,1.164,5.6,5.6,20.453333333333333,11.203333333333331,15.828333333333333,181.59999999999997,RWEGURA,RWEGURA,grid_m3.00_29.50,18.195570527777818,12.981650000000002,25.145380000000046,382.3056232732,-0.8910121069247222,-0.006826104704416664,14.869476861111139,101437.37012499999
Mpanda,2009-05-01,2009,5,1.3270967741935482,1.3270967741935482,5.15,5.15,19.335483870967742,11.370967741935484,15.353225806451613,248.2,RWEGURA,RWEGURA,grid_m3.00_29.50,18.27963881720433,12.221370000000036,25.238030000000037,219.89870090406,-0.7705776472096774,0.0078375088734543,14.247708642473128,101439.6848857527
Mpanda,2009-06-01,2009,6,0.7490000000000001,0.7490000000000001,1.11,1.11,20.639999999999997,11.23,15.934999999999999,12.6,RWEGURA,RWEGURA,grid_m3.00_29.50,18.320157944444475,11.182520000000011,25.794430000000034,47.00136145186,-0.9855693395402778,0.20377019246805558,12.008246541666665,101532.98845833333
Mpanda,2009-07-01,2009,7,0.7216129032258066,0.7216129032258066,0.45,0.45,21.00645161290323,10.503225806451614,15.754838709677422,0.5,RWEGURA,RWEGURA,grid_m3.00_29.50,18.391699368279546,10.385460000000023,27.1943,10.98966596272,-0.8194913359266129,0.7226813152950416,9.954098198924783,101612.25538978496
Mpanda,2009-08-01,2009,8,0.767741935483871,0.767741935483871,0.2,0.2,21.83548387096774,12.235483870967741,17.035483870967738,48.8,RWEGURA,RWEGURA,grid_m3.00_29.50,19.74446860215056,13.1216,27.420560000000023,32.65571575832,-0.5651459433101746,0.5298713567916666,11.240125739247333,101436.25275537634
Mpanda,2009-09-01,2009,9,0.6056666666666666,0.6056666666666666,0.78,0.78,22.31,12.086666666666668,17.198333333333334,50.39999999999999,RWEGURA,RWEGURA,grid_m3.00_29.50,20.201272416666654,13.672330000000045,28.075770000000034,170.39012920692002,-0.584053654881,0.0916772418486111,12.272611305555586,101422.89655555555
Mpanda,2009-10-01,2009,10,0.8077419354838711,0.8077419354838711,1.5,1.5,21.470967741935485,11.719354838709675,16.59516129032258,103.60000000000001,RWEGURA,RWEGURA,grid_m3.00_29.50,19.054816209677426,13.037869999999998,27.014730000000043,297.35660646714,-0.763029898733871,-0.4078815207795699,13.712433172043063,101316.75229166666
Mpanda,2009-11-01,2009,11,0.9133333333333333,0.9133333333333333,7.66,7.66,20.766666666666666,11.870000000000001,16.318333333333335,239.40000000000003,RWEGURA,RWEGURA,grid_m3.00_29.50,18.519004430555583,13.022420000000011,25.427760000000035,398.74839653434003,-0.41386824089638885,-0.26922577734120834,14.73237994444446,101363.83911111111
Mpanda,2009-12-01,2009,12,0.9467741935483872,0.9467741935483872,8.75,8.75,20.409677419354836,11.870967741935484,16.14032258064516,127.10000000000001,RWEGURA,RWEGURA,grid_m3.00_29.50,18.368573548387133,13.066300000000012,26.23263000000003,401.12829190262,-0.4094502849126209,-0.2939236346111559,14.710552889784992,101419.44813172042
Mpanda,2010-01-01,2010,1,0.9561290322580647,0.9561290322580647,9.13,9.13,21.567741935483873,11.935483870967742,16.75161290322581,265.7,RWEGURA,RWEGURA,grid_m3.00_29.50,19.246666962365623,13.600430000000017,29.31002000000001,332.82327602238,-0.2225412952310484,-0.4446470610349865,14.520231008064513,101404.35871639785
Mpanda,2010-02-01,2010,2,1.0314285714285714,1.0314285714285714,4.18,4.18,21.76923076923077,12.523076923076921,17.146153846153844,235.60000000000002,RWEGURA,RWEGURA,grid_m3.00_29.50,19.451742633928575,14.34023000000002,29.79373000000004,402.08673446576,-0.31191825831473213,-0.20423348694910715,15.723215163690497,101360.7046205357
Mpanda,2010-03-01,2010,3,0.9958064516129032,0.9958064516129032,5.8,5.8,20.97741935483871,12.135483870967741,16.556451612903224,206.60000000000002,RWEGURA,RWEGURA,grid_m3.00_29.50,19.158459462365613,13.310940000000016,27.633140000000026,350.71945263558,-0.5454851363808602,-0.2684532906865591,15.834908669354888,101447.06727150537
Mpanda,2010-04-01,2010,4,1.0843333333333334,1.0843333333333334,8.56,8.56,,,,,RWEGURA,RWEGURA,grid_m3.00_29.50,19.183891444444498,13.697900000000004,26.960170000000005,277.2278782138,-0.8577180438962501,-0.09406939609475001,16.115129402777768,101428.47368750001
Mpanda,2010-05-01,2010,5,0.7893548387096776,0.7893548387096776,5.11,5.11,20.570967741935487,12.341935483870968,16.456451612903226,81.39999999999999,RWEGURA,RWEGURA,grid_m3.00_29.50,19.149447997311825,12.231650000000002,26.3904,142.44842510558001,-0.8789861539774865,0.0867520200516129,14.39175055107529,101460.7407594086
Mpanda,2010-06-01,2010,6,0.656,0.656,1.78,1.78,20.640000000000004,11.886666666666667,16.263333333333335,142.6,RWEGURA,RWEGURA,grid_m3.00_29.50,18.877448833333347,11.703520000000026,26.236170000000016,30.17997739982,-0.7988997342305555,0.4444541705668056,12.202423930555597,101586.02026388889
Mpanda,2010-07-01,2010,7,0.5693548387096776,0.5693548387096776,0.76,0.76,21.048387096774196,11.116129032258064,16.08225806451613,0.0,RWEGURA,RWEGURA,grid_m3.00_29.50,18.990527365591447,11.737360000000024,27.194420000000036,4.97388838622,-0.6234988136473117,0.7538614178274193,10.14696633064517,101522.58198252688
Mpanda,2010-08-01,2010,8,0.6500000000000002,0.6500000000000002,0.68,0.68,22.316129032258065,11.17741935483871,16.746774193548386,0.0,RWEGURA,RWEGURA,grid_m3.00_29.50,20.699838817204295,11.439000000000021,28.21664000000004,22.71985964696,-0.384761584621008,0.92266748477957,8.54986973118281,101426.97133064516
Mpanda,2010-09-01,2010,9,0.7050000000000001,0.7050000000000001,2.86,2.86,21.933333333333334,11.923333333333336,16.928333333333335,120.7,RWEGURA,RWEGURA,grid_m3.00_29.50,19.26963886111116,11.545620000000042,27.395470000000046,269.79589404541997,-0.7244697357965277,0.07667205710694444,12.307008472222265,101360.67077083333
Mpanda,2010-10-01,2010,10,0.7293548387096777,0.7293548387096777,9.67,9.67,22.17741935483871,12.287096774193548,17.23225806451613,111.60000000000001,RWEGURA,RWEGURA,grid_m3.00_29.50,19.703684166666676,12.941550000000007,28.150630000000035,278.22351482152,-0.49744606066459,-0.24893176000913977,13.20708658602149,101280.59077284946
Mpanda,2010-11-01,2010,11,0.8636666666666667,0.8636666666666667,11.4,11.4,21.089999999999996,11.479999999999999,16.284999999999997,234.8,RWEGURA,RWEGURA,grid_m3.00_29.50,18.991222083333355,13.051600000000008,27.686360000000036,370.61000029956,-0.6205811400855555,-0.45580067069111113,14.172645097222244,101220.15775694443
Mpanda,2010-12-01,2010,12,0.8309677419354838,0.8309677419354838,12.21,12.21,21.138709677419357,11.590000000000002,16.36435483870968,130.9,RWEGURA,RWEGURA,grid_m3.00_29.50,18.627597284946262,13.29955000000001,28.622640000000047,330.51395408064,-0.29365250394583337,-0.3055798111454973,14.180288575268833,101224.09632392474
Mpanda,2011-01-01,2011,1,1.1612903225806455,1.1612903225806455,4.5,4.5,21.324137931034485,11.272413793103448,16.298275862068966,114.79999999999998,RWEGURA,RWEGURA,grid_m3.00_29.50,18.762667688172087,12.514900000000011,27.242760000000033,292.94156954579995,-0.23008106561989247,-0.3208323456565363,14.022415053763439,101196.44758736559
Mpanda,2011-02-01,2011,2,0.8392857142857145,0.8392857142857145,3.2,3.2,21.353571428571428,11.364285714285714,16.35892857142857,144.79999999999998,RWEGURA,RWEGURA,grid_m3.00_29.50,18.97480486607145,12.196680000000015,29.335630000000037,229.26854981600002,-0.20275238661458334,-0.04096117686815476,14.050341607142855,101231.41361607143
Mpanda,2011-03-01,2011,3,0.9338709677419355,0.9338709677419355,5.26,5.26,20.5741935483871,11.161290322580644,15.867741935483872,270.90000000000003,RWEGURA,RWEGURA,grid_m3.00_29.50,18.46810456989249,12.458900000000028,26.773920000000032,378.98349785228,-0.2259374842840054,-0.0030821516466129086,14.516390994623691,101303.14166666668
Mpanda,2011-04-01,2011,4,0.8953333333333334,0.8953333333333334,10.56,10.56,,,,,RWEGURA,RWEGURA,grid_m3.00_29.50,18.219967513888946,12.840900000000033,25.608730000000037,370.2516558205,-0.9242433772236112,-0.013594819051527776,14.863950888888894,101334.3546736111
Mpanda,2011-05-01,2011,5,0.8209677419354842,0.8209677419354842,10.19,10.19,19.980645161290322,11.538709677419355,15.759677419354839,141.30000000000004,RWEGURA,RWEGURA,grid_m3.00_29.50,18.40078241935487,12.826200000000028,26.46627000000001,221.4574821599,-0.9999209252742675,0.10222711906881721,14.329237782258076,101467.75045026881
Mpanda,2011-06-01,2011,6,0.7873333333333333,0.7873333333333333,2.11,2.11,20.813333333333333,11.16,15.986666666666666,28.3,RWEGURA,RWEGURA,grid_m3.00_29.50,18.350735375000056,11.80758000000003,26.876980000000003,182.17229839186,-0.45064408951184726,0.35129568302333336,12.649635250000017,101511.37199305555
Mpanda,2011-07-01,2011,7,0.6993548387096774,0.6993548387096774,0.71,0.71,21.22903225806452,10.606451612903225,15.917741935483873,20.6,RWEGURA,RWEGURA,grid_m3.00_29.50,18.354179569892494,11.628700000000038,26.019370000000038,77.5675768926,-0.39396679794919354,0.4870181118709677,11.422679825268858,101465.50372983872
Mpanda,2011-08-01,2011,8,0.7106451612903227,0.7106451612903227,0.66,0.66,21.151612903225804,11.08064516129032,16.116129032258062,25.9,RWEGURA,RWEGURA,grid_m3.00_29.50,18.641465537634474,12.15634,26.896500000000003,143.99194758692,-0.26388074004314516,0.2368554337567204,12.676230416666726,101466.80934811829
Mpanda,2011-09-01,2011,9,0.7358620689655173,0.7358620689655173,1.3,1.3,20.262500000000003,11.0,15.631250000000001,115.69999999999999,RWEGURA,RWEGURA,grid_m3.00_29.50,18.583126694444502,13.229200000000048,26.523500000000013,330.91068338452,-0.5120887118340278,-0.09921813886647221,13.518956194444456,101488.2306388889
Mpanda,2011-10-01,2011,10,0.774516129032258,0.774516129032258,5.89,5.89,,,,,RWEGURA,RWEGURA,grid_m3.00_29.50,18.34530704301079,12.986540000000048,25.60050000000001,403.98931482984,-0.6031052983451612,-0.3329537515450269,13.867140497311823,101301.9980577957
Mpanda,2011-11-01,2011,11,1.0053333333333334,1.0053333333333334,10.45,10.45,19.686666666666667,,,,RWEGURA,RWEGURA,grid_m3.00_29.50,18.2065337638889,12.60232000000002,26.222920000000045,446.72680018048,-0.37283515765652775,-0.24707103258583332,14.497488694444428,101373.16894444445
Mpanda,2011-12-01,2011,12,1.2783333333333333,1.2783333333333333,11.22,11.22,20.841935483870973,,,246.40000000000003,RWEGURA,RWEGURA,grid_m3.00_29.50,18.425249206989236,12.892970000000048,25.03200000000004,389.11819410786,-0.1678168093172043,-0.2899759348295699,14.626239784946222,101406.40276209678
Mpanda,2012-01-01,2012,1,1.3754838709677417,1.3754838709677417,5.26,5.26,22.006451612903227,11.716129032258063,16.861290322580643,40.0,RWEGURA,RWEGURA,grid_m3.00_29.50,19.63298086021507,12.77108000000004,28.510640000000024,123.01492745802,0.28039852339422044,-0.5515402307310484,13.069065739247321,101301.87053763442
Mpanda,2012-02-01,2012,2,0.8213793103448275,0.8213793103448275,3.07,3.07,21.117241379310343,11.324137931034482,16.220689655172414,123.69999999999999,RWEGURA,RWEGURA,grid_m3.00_29.50,19.19662932471266,12.714380000000006,29.015530000000012,226.26900702388,-0.24415115262413795,-0.22540767722931035,12.884933505747142,101186.57608477012
Mpanda,2012-03-01,2012,3,0.8793548387096771,0.8793548387096771,9.53,9.53,21.56129032258065,11.503225806451612,16.53225806451613,62.900000000000006,RWEGURA,RWEGURA,grid_m3.00_29.50,19.259652405913982,13.060450000000003,28.76266000000004,234.79437976414,-0.38423623532768814,0.028875494943413977,14.268811922043028,101335.02844086022
Mpanda,2012-04-01,2012,4,1.0616666666666665,1.0616666666666665,8.92,8.92,20.273333333333337,11.713333333333335,15.993333333333336,262.0,RWEGURA,RWEGURA,grid_m3.00_29.50,18.348333902777767,12.633399999999995,25.515100000000018,450.12998571078,-0.4538753718288889,-0.05061583986972222,15.31822744444446,101436.9389861111
Mpanda,2012-05-01,2012,5,1.0570967741935482,1.0570967741935482,6.69,6.69,19.586666666666666,11.412903225806451,15.49978494623656,225.40000000000003,RWEGURA,RWEGURA,grid_m3.00_29.50,17.836091196236566,12.511220000000037,24.749480000000005,309.36527236996,-0.6986873995981183,-0.04276480770282258,14.62114125000005,101539.27023521507
Mpanda,2012-06-01,2012,6,0.9333333333333333,0.9333333333333333,0.99,0.99,19.77,10.450000000000001,15.11,10.6,RWEGURA,RWEGURA,grid_m3.00_29.50,17.89421979166667,11.097740000000044,25.221220000000017,108.25538699458,-0.5079027808624306,0.34347937290333336,13.020473805555582,101610.02453472224
Mpanda,2012-07-01,2012,7,0.6561290322580646,0.6561290322580646,0.37,0.37,,,,,RWEGURA,RWEGURA,grid_m3.00_29.50,18.269869126344133,10.476650000000006,25.562550000000044,37.01972947348,-0.023947233608870966,0.5896719799994623,11.969231209677446,101498.66743951614
Mpanda,2012-08-01,2012,8,0.8019354838709677,0.8019354838709677,0.19,0.19,20.822580645161292,,,87.7,RWEGURA,RWEGURA,grid_m3.00_29.50,18.395072217741927,10.725549999999998,26.09790000000004,165.40312760770001,-0.23645253264422042,0.23311284845080646,11.640353588709672,101513.79460349462
Mpanda,2012-09-01,2012,9,0.9143333333333332,0.9143333333333332,1.4,1.4,21.56666666666667,,,103.70000000000002,RWEGURA,RWEGURA,grid_m3.00_29.50,18.672675736111103,12.401640000000043,27.63094000000001,225.76809024564002,-0.4812138235056944,-0.30174420658805556,12.892516694444453,101489.06625694444
Mpanda,2012-10-01,2012,10,0.921290322580645,0.921290322580645,3.12,3.12,21.42258064516129,,,205.39999999999995,RWEGURA,RWEGURA,grid_m3.00_29.50,18.852660672043044,13.713770000000011,27.153279999999995,383.3129415867,-0.4849798765739516,-0.4529047521828495,13.9720855913979,101323.77248655914
Mpanda,2012-11-01,2012,11,0.9923333333333333,0.9923333333333333,8.65,8.65,20.126666666666665,,,203.40000000000003,RWEGURA,RWEGURA,grid_m3.00_29.50,18.317310458333395,12.549400000000048,25.650170000000003,372.1132261982,-0.5152550597327777,-0.4322107095326389,14.833821638888878,101406.23743055556
Mpanda,2012-12-01,2012,12,1.2664516129032257,1.2664516129032257,13.96,13.96,20.409677419354836,,,242.8,RWEGURA,RWEGURA,grid_m3.00_29.50,18.590586854838705,12.507900000000006,25.338700000000017,293.11013231398,-0.32697007075295703,-0.3219173594454301,14.540060362903262,101354.90606182796
Mpanda,2013-01-01,2013,1,1.3258064516129033,1.3258064516129033,5.31,5.31,21.812903225806448,11.261290322580642,16.537096774193543,215.19999999999993,RWEGURA,RWEGURA,grid_m3.00_29.50,19.660434327957034,13.196500000000015,28.4581,274.7602458088,-0.056179414740725804,-0.3776345404915323,14.78305322580644,101408.70315860216
Mpanda,2013-02-01,2013,2,1.0028571428571431,1.0028571428571431,4.05,4.05,22.41071428571429,11.557142857142859,16.983928571428574,101.0,RWEGURA,RWEGURA,grid_m3.00_29.50,19.517835758928584,13.07650000000001,27.412260000000003,148.68259406632,-0.43901311648809527,-0.39200489859360116,13.919429598214322,101293.01835565476
Mpanda,2013-03-01,2013,3,1.1700000000000004,1.1700000000000004,8.07,8.07,20.835483870967742,11.629032258064518,16.23225806451613,312.4,RWEGURA,RWEGURA,grid_m3.00_29.50,18.58241181451615,14.152700000000038,26.47980000000001,481.1658844351,-0.34656473364596774,-0.06013255018024193,15.416548387096782,101399.10932123655
Mpanda,2013-04-01,2013,4,1.7566666666666668,1.7566666666666668,11.18,11.18,20.42,11.446666666666664,15.933333333333334,286.8,RWEGURA,RWEGURA,grid_m3.00_29.50,18.424255083333378,13.745570000000043,26.264760000000024,403.17487667198,-0.36328580595763893,-0.16127874569583334,15.781061138888901,101478.3577361111
Mpanda,2013-05-01,2013,5,1.4429032258064516,1.4429032258064516,2.76,2.76,20.0,11.116129032258065,15.558064516129033,128.4,RWEGURA,RWEGURA,grid_m3.00_29.50,18.370337083333368,12.16840000000002,25.32113000000004,177.914619682,-0.904412628198656,-0.034813234757392474,14.325747123655901,101574.20147849464
Mpanda,2013-06-01,2013,6,1.2043333333333335,1.2043333333333335,0.9,0.9,20.963333333333335,9.736666666666666,15.350000000000001,0.0,RWEGURA,RWEGURA,grid_m3.00_29.50,18.613326736111162,11.364250000000027,26.28134,22.84908282294,-0.37785657191944444,0.5475255537177778,11.806119291666676,101564.87111111112
Mpanda,2013-07-01,2013,7,1.0951612903225805,1.0951612903225805,0.41,0.41,21.825806451612905,10.009677419354839,15.917741935483871,0.3,RWEGURA,RWEGURA,grid_m3.00_29.50,18.829961720430106,11.16640000000001,27.18398000000002,14.01519790198,0.07524485163655914,0.6944791331505376,10.855698427419384,101537.65340053763
Mpanda,2013-08-01,2013,8,1.1112903225806452,1.1112903225806452,0.65,0.65,21.53225806451613,10.670967741935486,16.10161290322581,57.9,RWEGURA,RWEGURA,grid_m3.00_29.50,19.22514391129033,11.36062000000004,27.481100000000026,50.72259883598,-0.25366029744587365,0.4418772012271505,10.810875470430119,101434.23504704301
Mpanda,2013-09-01,2013,9,1.1416666666666666,1.1416666666666666,1.29,1.29,22.03333333333334,11.303333333333335,16.668333333333337,172.5,RWEGURA,RWEGURA,grid_m3.00_29.50,18.841037847222253,11.40990000000005,27.582300000000032,296.82850813133996,-0.3105952156281945,-0.20504703470069446,13.325085333333334,101445.29869444444
Mpanda,2013-10-01,2013,10,1.1374193548387095,1.1374193548387095,6.92,6.92,12.120000000000001,10.993548387096775,11.556774193548389,119.59999999999998,RWEGURA,RWEGURA,grid_m3.00_29.50,18.96286202956992,12.624099999999999,27.58352000000002,253.48615702942,-0.5659058065112903,-0.3139278843558992,12.82184319892474,101388.81500672043
Mpanda,2013-11-01,2013,11,1.5196666666666667,1.5196666666666667,6.39,6.39,20.300000000000004,11.345833333333333,15.822916666666668,117.1,RWEGURA,RWEGURA,grid_m3.00_29.50,18.4197171944445,13.324180000000013,26.14500000000004,347.39446681090004,-0.5099834236342361,-0.4919911901833333,13.984195083333361,101300.80366666667
Mpanda,2013-12-01,2013,12,1.6003225806451613,1.6003225806451613,11.59,11.59,20.029032258064518,,,295.29999999999995,RWEGURA,RWEGURA,grid_m3.00_29.50,18.459378884408636,13.306399999999996,26.85342000000003,443.46427925204,-0.228024248734543,-0.3458530877137769,14.664339301075302,101430.85928091398
Mpanda,2014-01-01,2014,1,1.5006451612903224,1.5006451612903224,2.85,2.85,21.619354838709683,11.154838709677417,16.38709677419355,193.89999999999998,RWEGURA,RWEGURA,grid_m3.00_29.50,19.28442579301077,12.916280000000029,26.876300000000015,185.38141300134,-0.09421613215094087,-0.44177348711666664,14.073960416666694,101363.41293010753
Mpanda,2014-02-01,2014,2,1.2596428571428573,1.2596428571428573,3.11,3.11,20.935714285714287,11.075000000000001,16.005357142857143,265.90000000000003,RWEGURA,RWEGURA,grid_m3.00_29.50,18.740738377976186,13.246180000000038,27.119700000000023,268.37730492146,0.24825974913392856,-0.010602587328422623,14.10247666666669,101285.0876934524
Mpanda,2014-03-01,2014,3,1.4799999999999998,1.4799999999999998,8.01,8.01,21.46129032258065,11.351612903225808,16.40645161290323,221.60000000000002,RWEGURA,RWEGURA,grid_m3.00_29.50,19.011735470430153,12.96523000000002,26.043420000000026,363.4824753882,-0.33998723169444894,0.006333833343736559,14.82716411290329,101348.5540188172
Mpanda,2014-04-01,2014,4,1.4303333333333335,1.4303333333333335,10.34,10.34,20.836666666666662,11.28,16.05833333333333,168.39999999999998,RWEGURA,RWEGURA,grid_m3.00_29.50,18.624694097222232,12.697750000000042,26.49523000000005,355.10492296371996,-0.939389185651389,0.02118042802138889,14.802712180555602,101456.85764583333
Mpanda,2014-05-01,2014,5,1.2183870967741932,1.2183870967741932,6.64,6.64,20.94193548387097,11.432258064516128,16.18709677419355,19.499999999999996,RWEGURA,RWEGURA,grid_m3.00_29.50,18.940750322580698,12.340599999999995,26.90408000000002,109.90571971578001,-1.238785262326613,0.2838485262560484,13.497966021505363,101460.458077957
Mpanda,2014-06-01,2014,6,1.1880000000000002,1.1880000000000002,1.38,1.38,20.92,10.84,15.88,19.5,RWEGURA,RWEGURA,grid_m3.00_29.50,18.90410318055558,12.804100000000005,26.692530000000033,75.88768033636,-0.5677516075208333,0.3761209186591667,12.883941736111126,101572.82716666667
Mpanda,2014-07-01,2014,7,1.1503225806451611,1.1503225806451611,0.54,0.54,21.077419354838714,10.516129032258062,15.796774193548387,15.6,RWEGURA,RWEGURA,grid_m3.00_29.50,19.05889370967742,11.601980000000026,25.943230000000028,66.28370338266,-0.3091276641412634,0.6130780254217743,11.764632231182816,101668.81108870968
Mpanda,2014-08-01,2014,8,1.1548387096774193,1.1548387096774193,0.25,0.25,,10.516129032258062,,48.5,RWEGURA,RWEGURA,grid_m3.00_29.50,18.74294473118283,12.56143000000003,25.95236,188.6448859304,-0.2237608707067204,0.18032633914986557,13.089861196236598,101548.40719086022
Mpanda,2014-09-01,2014,9,1.1883333333333332,1.1883333333333332,0.21,0.21,22.619999999999997,10.93666666666667,16.778333333333332,111.0,RWEGURA,RWEGURA,grid_m3.00_29.50,18.935535972222226,13.054400000000044,27.697230000000047,219.55013214694,-0.7399068830622222,-0.08447750980715278,12.876903263888948,101480.52777777778
Mpanda,2014-10-01,2014,10,1.340322580645162,1.340322580645162,2.86,2.86,21.39354838709677,11.403225806451612,16.398387096774194,270.00000000000006,RWEGURA,RWEGURA,grid_m3.00_29.50,18.94081959677419,13.173240000000021,26.68923000000001,439.85271468025996,-0.6023519983864247,-0.22985595676733872,14.159437311827958,101394.40662634409
Mpanda,2014-11-01,2014,11,1.2959999999999998,1.2959999999999998,12.62,12.62,20.580000000000002,11.08666666666667,15.833333333333336,189.3,RWEGURA,RWEGURA,grid_m3.00_29.50,18.438373152777785,13.173760000000016,26.54860000000002,361.71150178578,-0.6303537372705555,-0.4529169293513458,14.744591444444495,101384.8205
Mpanda,2014-12-01,2014,12,1.3361290322580643,1.3361290322580643,10.62,10.62,20.91935483870968,11.100000000000001,16.00967741935484,246.70000000000002,RWEGURA,RWEGURA,grid_m3.00_29.50,18.87530110215056,13.218530000000044,26.711700000000008,477.68592645264005,-0.23383282865725805,-0.47571219192810615,14.850843172043028,101431.48546370969
Mpanda,2015-01-01,2015,1,1.3896774193548387,1.3896774193548387,3.44,3.44,21.474193548387102,11.535483870967742,16.504838709677422,122.7,RWEGURA,RWEGURA,grid_m3.00_29.50,18.91567555107531,12.618620000000021,26.445150000000012,198.76050967882,0.5530050911090995,-0.2706054977076613,14.078536693548415,101450.38521505376
Mpanda,2015-02-01,2015,2,1.4621428571428567,1.4621428571428567,4.96,4.96,21.932142857142857,11.578571428571431,16.755357142857143,101.69999999999999,RWEGURA,RWEGURA,grid_m3.00_29.50,19.112256130952403,13.225120000000004,27.314540000000022,191.00856834402,-0.1282568439876488,-0.4039078450934524,14.324061056547635,101308.26331845239
Mpanda,2015-03-01,2015,3,1.4316129032258063,1.4316129032258063,6.67,6.67,20.753333333333334,11.712903225806448,16.23311827956989,205.6,RWEGURA,RWEGURA,grid_m3.00_29.50,19.194741975806494,13.293480000000045,27.672750000000008,322.23510829076,-0.506925439769086,-0.22680077499274193,15.002551276881718,101341.06363575268
Mpanda,2015-04-01,2015,4,1.5303333333333333,1.5303333333333333,20.76,20.76,20.33,11.446666666666665,15.888333333333332,270.0,RWEGURA,RWEGURA,grid_m3.00_29.50,18.512651486111167,13.561059999999998,25.995750000000044,328.82499694344006,-0.27192692201,-0.171137492505,15.695980972222287,101518.99765972221
Mpanda,2015-05-01,2015,5,1.5048387096774198,1.5048387096774198,5.2,5.2,20.374193548387098,11.448387096774193,15.911290322580644,174.70000000000002,RWEGURA,RWEGURA,grid_m3.00_29.50,18.832425107526888,12.81170000000003,25.457940000000008,157.57131595304,-0.7546734963819892,0.02173116170594086,15.181843750000041,101584.05282930109
Mpanda,2015-06-01,2015,6,1.3366666666666667,1.3366666666666667,0.75,0.75,20.823333333333323,11.360000000000003,16.09166666666666,32.6,RWEGURA,RWEGURA,grid_m3.00_29.50,18.725297833333343,12.707670000000007,25.58358000000004,108.68167902104,-0.10433923980666666,0.20971289766333331,13.918035694444427,101614.91515277777
Mpanda,2015-07-01,2015,7,1.1616129032258058,1.1616129032258058,0.31,0.31,21.916129032258066,10.848387096774195,16.38225806451613,0.0,RWEGURA,RWEGURA,grid_m3.00_29.50,18.999688225806494,10.246120000000019,26.463130000000035,18.16415760384,-0.48602473371034943,0.3653197939545699,12.010553427419381,101601.6800201613
Mpanda,2015-08-01,2015,8,1.1425806451612905,1.1425806451612905,0.15,0.15,23.051612903225806,11.332258064516125,17.191935483870964,0.0,RWEGURA,RWEGURA,grid_m3.00_29.50,20.155952889785,11.876300000000015,28.83566000000002,11.72399522956,-0.5361394782427016,0.4099477125604839,10.974753024193603,101482.43274193548
Mpanda,2015-09-01,2015,9,1.1679999999999997,1.1679999999999997,0.33,0.33,22.780000000000005,11.930000000000001,17.355000000000004,103.8,RWEGURA,RWEGURA,grid_m3.00_29.50,20.258019388888897,14.166830000000004,28.081320000000005,123.22425852335999,-0.6583858692907556,-0.21936679436948334,13.313468625000041,101420.85693750001
Mpanda,2015-10-01,2015,10,1.3706451612903225,1.3706451612903225,1.73,1.73,21.68387096774193,11.758064516129032,16.720967741935482,165.4,RWEGURA,RWEGURA,grid_m3.00_29.50,19.252736236559144,14.48684000000003,28.238400000000013,456.73084321936,-0.520454940711344,-0.4365563137596774,15.25130013440861,101445.5745295699
Mpanda,2015-11-01,2015,11,1.4236666666666664,1.4236666666666664,5.73,5.73,20.493333333333336,11.313333333333334,15.903333333333336,303.90000000000003,RWEGURA,RWEGURA,grid_m3.00_29.50,18.768333013888935,12.156150000000025,26.778740000000028,407.86814632076,-0.3389333300079167,-0.32562876832430554,15.584878625000044,101434.46861805556
Mpanda,2015-12-01,2015,12,1.574838709677419,1.574838709677419,6.17,6.17,21.225806451612904,11.835483870967737,16.53064516129032,147.5,RWEGURA,RWEGURA,grid_m3.00_29.50,19.18680981182797,13.798000000000002,27.652250000000038,263.89551170272,-0.24688226393830645,-0.3983844634401882,15.563462473118307,101551.00811827958
Mpanda,2016-01-01,2016,1,1.451290322580645,1.451290322580645,2.67,2.67,21.548387096774196,12.245161290322583,16.89677419354839,301.5,RWEGURA,RWEGURA,grid_m3.00_29.50,19.56696936827956,13.807460000000049,27.398130000000037,293.93911242678,0.13311494765067206,-0.34874829887782255,16.103565483871023,101499.65063844087
Mpanda,2016-02-01,2016,2,1.4706896551724136,1.4706896551724136,9.27,9.27,21.75172413793103,12.279310344827588,17.01551724137931,198.50000000000003,RWEGURA,RWEGURA,grid_m3.00_29.50,19.546605747126478,13.348780000000033,27.562340000000006,317.98887140132,0.005324308692097704,-0.32918353427212643,15.631270201149448,101422.17645833333
Mpanda,2016-03-01,2016,3,1.425483870967742,1.425483870967742,8.09,8.09,22.422580645161293,12.493548387096773,17.458064516129035,215.80000000000004,RWEGURA,RWEGURA,grid_m3.00_29.50,20.20411041666665,14.242150000000038,28.591520000000003,220.56674962152002,-0.40761850059072585,-0.2466611758240188,16.069779986559183,101386.05206317204
Mpanda,2016-04-01,2016,4,1.4673333333333332,1.4673333333333332,6.87,6.87,20.88666666666667,12.546666666666665,16.71666666666667,218.99999999999997,RWEGURA,RWEGURA,grid_m3.00_29.50,19.22879712500003,14.7543,25.73690000000005,503.92770629438,-0.47298448320013886,-0.030470826189305553,16.886174083333344,101490.67865972222
Mpanda,2016-05-01,2016,5,1.4325806451612904,1.4325806451612904,6.29,6.29,21.03870967741935,11.98709677419355,16.51290322580645,51.8,RWEGURA,RWEGURA,grid_m3.00_29.50,19.571487150537678,13.99350000000004,26.66348000000005,100.63219149414,-0.5763107219284946,0.2706764005787769,14.789052930107573,101614.99693548387
Mpanda,2016-06-01,2016,6,1.3550000000000004,1.3550000000000004,1.06,1.06,20.73,10.450000000000001,15.59,0.0,RWEGURA,RWEGURA,grid_m3.00_29.50,18.847417888888913,11.7466,25.814570000000003,53.9212230894,-0.5619349800748611,0.4593471800756944,12.931064500000048,101715.13031944445
Mpanda,2016-07-01,2016,7,1.2939999999999998,1.2939999999999998,0.4,0.4,21.806451612903224,10.461290322580647,16.133870967741935,0.0,RWEGURA,RWEGURA,grid_m3.00_29.50,19.259414986559136,11.459280000000035,25.958979999999997,20.78342437738,-0.07325642065996102,0.7889736752896506,12.158894099462373,101582.51084005376
Mpanda,2016-08-01,2016,8,1.2738709677419353,1.2738709677419353,0.44,0.44,22.483870967741947,10.587096774193549,16.53548387096775,6.0,RWEGURA,RWEGURA,grid_m3.00_29.50,19.70888524193549,12.828200000000038,27.963340000000017,48.49529230782,-0.5039462234850807,0.49102369090524195,11.251424852150535,101529.50876344086
Mpanda,2016-09-01,2016,9,1.3633333333333333,1.3633333333333333,0.95,0.95,,,,,RWEGURA,RWEGURA,grid_m3.00_29.50,20.305827222222263,14.098839999999996,28.83032000000003,192.78621609971998,-0.44451963631624997,0.021665595531805557,12.612979402777796,101437.98515972222
Mpanda,2016-10-01,2016,10,1.434516129032258,1.434516129032258,4.91,4.91,22.609677419354842,11.625806451612902,17.11774193548387,119.89999999999999,RWEGURA,RWEGURA,grid_m3.00_29.50,19.99052006720433,14.555750000000046,28.403220000000033,311.5968706979,-0.5726644243711156,-0.37231112955044354,13.984317002688158,101314.79965053764
Mpanda,2016-11-01,2016,11,1.3496666666666668,1.3496666666666668,11.1,11.1,20.813333333333333,11.07,15.941666666666666,238.79999999999995,RWEGURA,RWEGURA,grid_m3.00_29.50,18.720552194444508,13.178300000000036,26.02328,316.31422080852,-0.48507319587166664,-0.5642731572180555,14.763948374999984,101404.6755763889
Mpanda,2016-12-01,2016,12,1.311935483870968,1.311935483870968,8.38,8.38,21.5741935483871,11.235483870967743,16.40483870967742,59.60000000000001,RWEGURA,RWEGURA,grid_m3.00_29.50,19.09120001344087,13.167200000000037,27.44640000000004,151.67856275352003,-0.5608512916981183,-0.611279273678629,13.988906276881778,101363.67886424731
Mpanda,2017-01-01,2017,1,1.4003225806451611,1.4003225806451611,7.42,7.42,21.822580645161292,11.406451612903224,16.614516129032257,126.80000000000001,RWEGURA,RWEGURA,grid_m3.00_29.50,19.753058790322598,14.11056000000002,27.79803000000004,153.03421064416,-0.14698545301485216,-0.4631842341391129,13.630668239247314,101320.63360887096
Mpanda,2017-02-01,2017,2,1.4260714285714287,1.4260714285714287,7.5,7.5,21.375,11.553571428571429,16.464285714285715,144.59999999999997,RWEGURA,RWEGURA,grid_m3.00_29.50,18.922071249999988,12.879140000000007,26.616360000000043,334.5341685852,-0.20718043156398808,-0.2491228939839881,14.93795636904764,101361.17696428571
Mpanda,2017-03-01,2017,3,1.4361290322580644,1.4361290322580644,6.37,6.37,20.980645161290326,11.258064516129034,16.11935483870968,235.0,RWEGURA,RWEGURA,grid_m3.00_29.50,18.800518830645217,13.227779999999996,26.585230000000024,312.38985135914,-0.4007041688267473,-0.0872170855077957,14.937396612903285,101369.03211693547
Mpanda,2017-04-01,2017,4,1.435333333333333,1.435333333333333,13.04,13.04,19.959999999999997,11.573333333333332,15.766666666666666,104.19999999999999,RWEGURA,RWEGURA,grid_m3.00_29.50,18.672846083333354,13.689020000000028,25.52334000000002,284.59167503244,-0.9570975413555556,0.02552667290902778,15.332881138888922,101449.82462500001
Mpanda,2017-05-01,2017,5,1.4109677419354838,1.4109677419354838,6.01,6.01,19.62258064516129,11.17666666666667,15.39962365591398,123.3,RWEGURA,RWEGURA,grid_m3.00_29.50,18.809794946236593,13.115200000000016,26.651640000000043,188.56429982302,-1.0942783772432796,0.10920009412497043,14.519117594086083,101578.7352016129
Mpanda,2017-06-01,2017,6,1.331666666666667,1.331666666666667,1.35,1.35,21.48666666666667,10.996666666666668,16.24166666666667,0.0,RWEGURA,RWEGURA,grid_m3.00_29.50,19.48419456944447,12.085530000000006,26.985299999999995,15.763282728479998,-0.866462198454861,0.43321079589791667,12.630549652777802,101527.66244444443
Mpanda,2017-07-01,2017,7,1.2822580645161292,1.2822580645161292,0.47,0.47,21.306451612903224,10.980645161290326,16.143548387096775,0.0,RWEGURA,RWEGURA,grid_m3.00_29.50,19.481954865591433,12.762350000000026,28.017020000000002,28.28788762398,-0.08401060662405914,0.6197912556854839,12.159047190860235,101605.02999999998
Mpanda,2017-08-01,2017,8,1.3787096774193552,1.3787096774193552,0.78,0.78,21.790322580645157,11.516129032258066,16.653225806451612,51.5,RWEGURA,RWEGURA,grid_m3.00_29.50,19.31919884408603,13.221730000000036,26.29570000000001,194.54765338413998,-0.24926619995564517,0.35156596717002686,13.50749331989249,101489.66445564516
Mpanda,2017-09-01,2017,9,1.442666666666667,1.442666666666667,0.18,0.18,22.19333333333334,11.172413793103447,16.682873563218394,230.5,RWEGURA,RWEGURA,grid_m3.00_29.50,19.42209231944446,12.875400000000013,26.90432000000004,286.70930794384,-0.37365519074388887,-0.047818291442361105,13.728302805555586,101458.26597222222
Mpanda,2017-10-01,2017,10,1.3738709677419356,1.3738709677419356,3.29,3.29,22.45483870967742,11.838709677419352,17.14677419354839,146.4,RWEGURA,RWEGURA,grid_m3.00_29.50,19.703307876344127,13.428980000000024,28.230920000000026,349.32517902444,-0.5454595294209678,-0.29037814119873656,14.201773696236614,101346.18584005376
Mpanda,2017-11-01,2017,11,1.542,1.542,7.86,7.86,20.979999999999997,11.23,16.104999999999997,204.1,RWEGURA,RWEGURA,grid_m3.00_29.50,18.891382930555608,13.624300000000005,26.01060000000001,321.5017304344,-0.5257272867229167,-0.34069580586138887,14.874836611111107,101369.27735416665
Mpanda,2017-12-01,2017,12,1.4761290322580647,1.4761290322580647,11.43,11.43,21.541935483870965,11.551612903225806,16.546774193548387,89.89999999999999,RWEGURA,RWEGURA,grid_m3.00_29.50,19.245657231182804,13.657830000000047,27.075900000000047,290.52257543786,-0.36141262362526877,-0.39797118434698925,14.90135956989252,101357.62470430108
Mpanda,2018-01-01,2018,1,1.4793548387096775,1.4793548387096775,8.75,8.75,19.841935483870966,11.030000000000001,15.435967741935483,223.89999999999998,RWEGURA,RWEGURA,grid_m3.00_29.50,17.954987016129053,13.002280000000042,24.96365000000003,348.52194717914,0.40870132024126343,-0.0984027001872312,14.667783991935494,101420.70183467743
Mpanda,2018-02-01,2018,2,1.5010714285714286,1.5010714285714286,5.64,5.64,21.735714285714288,11.710714285714287,16.72321428571429,118.1,RWEGURA,RWEGURA,grid_m3.00_29.50,19.41839120535718,13.466030000000046,26.616360000000043,261.73877789695996,-0.21524229643244047,-0.26789989891467264,15.143744360119058,101248.17217261906
Mpanda,2018-03-01,2018,3,1.5748387096774192,1.5748387096774192,6.41,6.41,20.04838709677419,11.5,15.774193548387094,223.89999999999998,RWEGURA,RWEGURA,grid_m3.00_29.50,18.68381346774197,13.430630000000008,25.784880000000044,284.78956251552,-0.013043844388172042,0.02962973878091398,15.00318329301075,101404.47396505375
Mpanda,2018-04-01,2018,4,1.7079999999999997,1.7079999999999997,7.4,7.4,19.76,11.42333333333333,15.591666666666665,419.09999999999997,RWEGURA,RWEGURA,grid_m3.00_29.50,18.273823013888943,13.61080000000004,25.105430000000013,486.79733327511997,-0.21282628307319446,0.01710732203972222,15.643366861111133,101485.5749236111
Mpanda,2018-05-01,2018,5,1.4648387096774191,1.4648387096774191,8.86,8.86,19.96451612903226,11.129032258064514,15.546774193548387,186.39999999999998,RWEGURA,RWEGURA,grid_m3.00_29.50,18.80268829301076,11.178430000000048,25.819420000000036,166.84484481724,-0.7582203046958333,0.1332109700689516,15.002079206989265,101534.45961693548
Mpanda,2018-06-01,2018,6,1.349666666666667,1.349666666666667,2.37,2.37,21.186666666666667,9.92,15.553333333333335,25.5,RWEGURA,RWEGURA,grid_m3.00_29.50,18.841513333333353,11.391750000000002,26.639670000000024,23.992538399839997,-0.5051589750252777,0.49229965166388884,12.441554708333342,101641.43551388888
Mpanda,2018-07-01,2018,7,1.4264516129032256,1.4264516129032256,0.93,0.93,20.280645161290323,9.56774193548387,14.924193548387096,15.0,RWEGURA,RWEGURA,grid_m3.00_29.50,18.659973481182817,10.779500000000041,26.323630000000037,19.659042313759997,-0.6893089447634408,0.638404896019086,11.236760819892481,101702.28184811828
Mpanda,2018-08-01,2018,8,1.4987096774193545,1.4987096774193545,0.5,0.5,21.15806451612903,10.670967741935485,15.914516129032258,83.99999999999999,RWEGURA,RWEGURA,grid_m3.00_29.50,19.012723615591426,12.326440000000048,26.58468000000005,226.65071465466,-0.42303895469217745,0.18871643761822582,13.020184865591432,101598.05151209678
Mpanda,2018-09-01,2018,9,1.4256666666666666,1.4256666666666666,1.24,1.24,22.566666666666666,11.626666666666667,17.096666666666668,49.3,RWEGURA,RWEGURA,grid_m3.00_29.50,20.361276513888924,13.698050000000023,29.683250000000044,85.21986004696,-0.866853502943111,-0.16254543842625,13.162120430555547,101336.1563125
Mpanda,2018-10-01,2018,10,1.562258064516129,1.562258064516129,9.96,9.96,21.419354838709673,11.367741935483872,16.39354838709677,207.29999999999995,RWEGURA,RWEGURA,grid_m3.00_29.50,19.609030779569935,12.93786,27.932150000000036,358.12187213936,-0.6015804050692204,-0.293800702581586,14.449751465053794,101416.72117607528
Mpanda,2018-11-01,2018,11,1.5563333333333331,1.5563333333333331,7.36,7.36,21.313333333333336,11.64666666666667,16.480000000000004,175.10000000000002,RWEGURA,RWEGURA,grid_m3.00_29.50,19.150770138888902,13.25410000000005,26.87673000000001,284.38138947414,-0.5705679824658334,-0.3774101055720833,15.184943847222257,101384.5758888889
Mpanda,2018-12-01,2018,12,1.5903225806451613,1.5903225806451613,18.34,18.34,20.60645161290322,11.048387096774196,15.827419354838709,217.70000000000002,RWEGURA,RWEGURA,grid_m3.00_29.50,18.628119731182835,13.54934000000003,26.525540000000035,400.7372859216,-0.2225857598487164,-0.31314090978091397,15.16420137096776,101497.48026881719
Mpanda,2019-01-01,2019,1,1.6041935483870966,1.6041935483870966,4.83,4.83,21.88064516129032,11.396774193548383,16.638709677419353,260.50000000000006,RWEGURA,RWEGURA,grid_m3.00_29.50,19.428969704301096,13.660420000000045,27.72335000000004,266.58868780816,-0.1991575105954973,-0.28915181796801076,14.90972650537634,101453.62059811827
Mpanda,2019-02-01,2019,2,1.5035714285714283,1.5035714285714283,8.34,8.34,21.739285714285717,11.717857142857142,16.728571428571428,102.9,RWEGURA,RWEGURA,grid_m3.00_29.50,19.759012291666693,13.071500000000015,27.873680000000036,197.12352752626,-0.37183505144895834,-0.26934401161914734,14.970682038690484,101383.42938988094
Mpanda,2019-03-01,2019,3,1.5035483870967739,1.5035483870967739,9.62,9.62,21.864516129032264,11.483870967741936,16.6741935483871,210.20000000000002,RWEGURA,RWEGURA,grid_m3.00_29.50,19.349269112903244,12.686460000000011,27.32787000000002,252.44140642682,-0.25509526750833333,-0.25554361608373655,15.0042002150538,101409.96661962366
Mpanda,2019-04-01,2019,4,,,10.92,10.92,21.46333333333333,11.989999999999998,16.726666666666667,274.99999999999994,RWEGURA,RWEGURA,grid_m3.00_29.50,19.476237291666678,13.712580000000003,26.65930000000003,376.25694288916003,-0.5720310847350001,0.06633292300819445,15.947603736111148,101416.84270833334
Mpanda,2019-05-01,2019,5,1.5751612903225811,1.5751612903225811,4.9,4.9,20.10322580645161,11.95483870967742,16.029032258064515,110.99999999999999,RWEGURA,RWEGURA,grid_m3.00_29.50,18.894928077957047,13.59110000000004,25.008230000000026,230.76725025904,-0.9851078311384409,0.09728351681276881,16.121331922043055,101529.77185483872
Mpanda,2019-06-01,2019,6,1.461,1.461,1.21,1.21,20.043333333333333,10.844827586206899,15.444080459770117,49.49999999999999,RWEGURA,RWEGURA,grid_m3.00_29.50,18.790196458333355,13.016800000000046,25.042700000000025,89.06793585215999,-0.06853752546319444,0.5084645373271806,14.578128291666701,101665.3525
Mpanda,2019-07-01,2019,7,1.4454838709677418,1.4454838709677418,0.5,0.5,20.974193548387095,10.661290322580648,15.817741935483872,0.0,RWEGURA,RWEGURA,grid_m3.00_29.50,18.708536034946235,11.508939999999996,25.85128000000003,86.14635434578,-0.14439316176142472,0.47623576899811826,12.985201357526932,101575.39340053764
Mpanda,2019-08-01,2019,8,1.4329032258064516,1.4329032258064516,0.25,0.25,22.074193548387097,11.203225806451611,16.638709677419353,66.9,RWEGURA,RWEGURA,grid_m3.00_29.50,19.620426666666674,12.323500000000024,27.866360000000043,82.90386177330001,-0.43097354561249995,0.34734178471873656,13.011394811827984,101595.27641801075
Mpanda,2019-09-01,2019,9,1.5586666666666666,1.5586666666666666,0.44,0.44,21.923333333333336,11.533333333333335,16.728333333333335,72.1,RWEGURA,RWEGURA,grid_m3.00_29.50,19.996263069444467,13.56110000000001,27.715599999999995,168.8241960884,-0.5224131692014444,-0.06976038623333335,13.695423819444443,101441.22362500001
Mpanda,2019-10-01,2019,10,1.6709677419354831,1.6709677419354831,1.63,1.63,19.193548387096776,10.606451612903227,14.900000000000002,317.19999999999993,RWEGURA,RWEGURA,grid_m3.00_29.50,18.748790215053816,13.54427000000004,26.979030000000023,531.71634731644,-0.6902790280786962,-0.27538055551895163,14.734059233870994,101374.81135080644
Mpanda,2019-11-01,2019,11,1.650666666666667,1.650666666666667,8.37,8.37,20.33,11.236666666666668,15.783333333333333,254.3,RWEGURA,RWEGURA,grid_m3.00_29.50,18.887349263888893,13.47213000000005,26.75753000000003,355.40533030434,-0.46699400965125004,-0.3073675579530972,14.749413444444428,101344.7624375
Mpanda,2019-12-01,2019,12,1.6854838709677418,1.6854838709677418,7.09,7.09,20.799999999999997,10.986206896551723,15.893103448275859,338.40000000000003,RWEGURA,RWEGURA,grid_m3.00_29.50,18.885359233870986,12.986050000000034,26.642100000000028,516.05510707224,0.04325741570626344,-0.2110439215010753,15.857122916666697,101444.84826612903
Mpanda,2020-01-01,2020,1,1.6222580645161293,1.6222580645161293,6.76,6.76,21.11935483870968,11.59032258064516,16.35483870967742,336.8,RWEGURA,RWEGURA,grid_m3.00_29.50,19.406031895161334,13.651880000000006,27.851530000000025,267.27199599336,0.1829251664267473,-0.4519933256001344,15.66189352150542,101482.48691532259
Mpanda,2020-02-01,2020,2,1.6044827586206902,1.6044827586206902,4.33,4.33,21.772413793103446,11.810344827586208,16.791379310344826,200.6,RWEGURA,RWEGURA,grid_m3.00_29.50,19.821870244252864,14.060270000000003,28.64333000000005,322.00575042932,-0.22147567904985632,-0.4295811925378736,15.62457498563225,101467.60468390805
Mpanda,2020-03-01,2020,3,1.6358064516129032,1.6358064516129032,4.32,4.32,21.44516129032257,11.725806451612904,16.585483870967735,325.6,RWEGURA,RWEGURA,grid_m3.00_29.50,19.533550954301063,13.97732000000002,26.24502000000001,439.48221115324,-0.15050690405241937,-0.16842042260981183,16.147595470430133,101449.5703830645
Mpanda,2020-04-01,2020,4,1.6499999999999997,1.6499999999999997,10.64,10.64,20.886666666666667,11.883333333333331,16.384999999999998,409.3,RWEGURA,RWEGURA,grid_m3.00_29.50,19.199283208333384,13.701300000000003,26.449000000000012,417.5653464344,-0.5379112027705556,-0.061827170766111106,16.282605972222257,101536.24481944444
Mpanda,2020-05-01,2020,5,1.5141935483870974,1.5141935483870974,12.46,12.46,20.95806451612903,11.26774193548387,16.112903225806452,126.69999999999999,RWEGURA,RWEGURA,grid_m3.00_29.50,19.550276680107515,12.598839999999996,27.122550000000047,142.37022407468,-0.9023467655255376,0.05642753150244624,14.882603803763459,101649.73620967742
Mpanda,2020-06-01,2020,6,1.4546666666666668,1.4546666666666668,1.16,1.16,20.35666666666667,10.446666666666665,15.401666666666667,0.0,RWEGURA,RWEGURA,grid_m3.00_29.50,19.24855504166669,12.349730000000022,27.22592000000003,86.48204769908,-0.35993777356847223,0.42055704321797227,13.983402694444464,101633.42284027777
Mpanda,2020-07-01,2020,7,1.450322580645161,1.450322580645161,0.43,0.43,20.583870967741937,9.716129032258063,15.15,0.0,RWEGURA,RWEGURA,grid_m3.00_29.50,18.773384892473132,10.881860000000017,26.760520000000042,20.5116271896,-0.16082211749005376,0.7183210328956989,13.167195053763464,101547.14308467742
Mpanda,2020-08-01,2020,8,1.451290322580645,1.451290322580645,0.36,0.36,22.62903225806452,10.861290322580647,16.745161290322585,45.5,RWEGURA,RWEGURA,grid_m3.00_29.50,20.33634182795703,12.65115000000003,28.007560000000012,45.78876492894,-0.24035113320524193,0.4430457078848118,13.130546411290311,101440.16069892474
Mpanda,2020-09-01,2020,9,1.4113333333333338,1.4113333333333338,0.43,0.43,22.053333333333335,10.95666666666667,16.505000000000003,65.89999999999999,RWEGURA,RWEGURA,grid_m3.00_29.50,20.08632151388889,12.86587000000003,28.655050000000017,172.25694670598,-0.3172510996395833,0.1648419474388889,13.689017555555552,101403.564875
Mpanda,2020-10-01,2020,10,1.4370967741935488,1.4370967741935488,2.05,2.05,,,,311.2,RWEGURA,RWEGURA,grid_m3.00_29.50,19.531322513440898,13.215480000000014,27.975600000000043,333.00924366336,-0.458876230997715,-0.16170502173387097,14.135749112903284,101402.4213844086
Mpanda,2020-11-01,2020,11,1.529666666666667,1.529666666666667,4.83,4.83,20.706666666666667,10.973333333333334,15.84,300.40000000000003,RWEGURA,RWEGURA,grid_m3.00_29.50,19.11622363888887,13.85555000000005,26.42697000000004,326.87044105982,-0.38867698963480557,-0.43629171593472227,15.156088486111116,101438.17733333334
Mpanda,2020-12-01,2020,12,1.4790322580645157,1.4790322580645157,9.87,9.87,21.55161290322581,11.003225806451612,16.27741935483871,206.7,RWEGURA,RWEGURA,grid_m3.00_29.50,19.542289435483895,13.576170000000047,27.556500000000028,249.97234485484,-0.2125123343360215,-0.49616120418172044,14.647203750000017,101407.40475806451
Mpanda,2021-01-01,2021,1,1.5848387096774192,1.5848387096774192,5.85,5.85,21.167741935483868,10.761290322580646,15.964516129032257,175.99999999999997,RWEGURA,RWEGURA,grid_m3.00_29.50,19.05877220430108,13.28866000000005,27.177580000000034,289.33525093378,-0.12402982505672044,-0.5128080101536291,14.507512056451617,101384.4130577957
Mpanda,2021-02-01,2021,2,1.580357142857143,1.580357142857143,6.86,6.86,21.435714285714283,11.267857142857142,16.35178571428571,313.8,RWEGURA,RWEGURA,grid_m3.00_29.50,19.195235252976204,13.860500000000002,27.637320000000045,315.64664917194,0.039661452994285716,-0.15193450973410713,15.002526160714297,101393.78992559524
Mpanda,2021-03-01,2021,3,1.65,1.65,5.15,5.15,20.951999999999998,10.97741935483871,15.964709677419354,197.3,RWEGURA,RWEGURA,grid_m3.00_29.50,19.00339495967745,12.245140000000049,27.199900000000014,302.76036219138,-0.4627045664554355,-0.24651065875376343,14.784555685483895,101316.24151209678
Mpanda,2021-04-01,2021,4,1.658333333333333,1.658333333333333,10.1,10.1,,10.913333333333332,,224.60000000000002,RWEGURA,RWEGURA,grid_m3.00_29.50,18.864708458333382,13.504170000000045,26.19198,449.35035867252,-0.8347856517391666,-0.06649027954486111,15.98032481944449,101478.81790277778
Mpanda,2021-05-01,2021,5,,,4.71,4.71,,11.180645161290323,,113.69999999999999,RWEGURA,RWEGURA,grid_m3.00_29.50,19.19530555107525,12.827750000000037,26.488580000000013,300.16040822509996,-0.6869685465652688,0.08443764636478496,15.475699744623682,101561.04117607528
Mpanda,2021-06-01,2021,6,,,1.19,1.19,,10.393333333333334,,2.3,RWEGURA,RWEGURA,grid_m3.00_29.50,19.31292148611118,11.889370000000042,26.922020000000032,27.39524840846,-0.7641264817856945,0.2945753104277778,13.029373069444489,101599.85446527778
Mpanda,2021-07-01,2021,7,,,0.59,0.59,,9.793548387096777,,8.3,RWEGURA,RWEGURA,grid_m3.00_29.50,19.23535474462369,11.50890000000004,26.19100000000003,18.696308122500003,-0.36337284410349463,0.981152420891129,11.97608862903229,101690.10108198924
Mpanda,2021-08-01,2021,8,,,0.63,0.63,,10.993548387096771,,69.80000000000001,RWEGURA,RWEGURA,grid_m3.00_29.50,19.47823783602155,12.45577000000003,28.101920000000007,172.0609660155,-0.37542634402083336,0.2227052841342742,13.178636975806512,101537.1311155914
Mpanda,2021-09-01,2021,9,,,0.34,0.34,,10.868965517241381,,102.39999999999999,RWEGURA,RWEGURA,grid_m3.00_29.50,19.61620338888889,13.62990000000002,27.751180000000033,198.75907819332,-0.4457243809611111,-0.012463712904305554,13.896796652777823,101444.73506250001
Mpanda,2021-10-01,2021,10,,,0.4,0.4,,11.190000000000001,,155.70000000000002,RWEGURA,RWEGURA,grid_m3.00_29.50,19.87684543010755,13.24980000000005,27.799860000000024,308.53509804134,-0.3662883189779032,-0.2588183079013441,14.837758736559124,101379.9439516129
Mpanda,2021-11-01,2021,11,,,4.44,4.44,,11.096666666666668,,130.9,RWEGURA,RWEGURA,grid_m3.00_29.50,19.453248805555575,14.122950000000003,28.886870000000044,247.91383712018,-0.44658334514958337,-0.46494507313194444,14.092232916666717,101350.58704166667
Mpanda,2021-12-01,2021,12,,,5.02,5.02,,11.322580645161288,,152.50000000000003,RWEGURA,RWEGURA,grid_m3.00_29.50,18.973382862903293,14.337550000000022,25.977720000000033,324.82433435394,-0.5761106751063172,-0.48785256903995966,15.341039704301068,101404.41474462365
Mpanda,2022-01-01,2022,1,,,2.9,2.9,22.27857142857143,11.012903225806449,16.64573732718894,144.2,RWEGURA,RWEGURA,grid_m3.00_29.50,19.4213015322581,14.11984000000001,28.546040000000005,281.45408562114,0.014605061279838709,-0.4248638357155914,14.559370416666695,101398.79502688172
Mpanda,2022-02-01,2022,2,,,1.9,1.9,22.085714285714285,10.825000000000001,16.455357142857142,239.5,RWEGURA,RWEGURA,grid_m3.00_29.50,18.58020977678575,13.613800000000026,25.803920000000005,302.30236208894,0.2577075747398155,-0.24194633378125002,15.051788556547649,101426.72789434523
Mpanda,2022-03-01,2022,3,,,4.65,4.65,23.5741935483871,11.048387096774194,17.311290322580646,218.70000000000002,RWEGURA,RWEGURA,grid_m3.00_29.50,19.46814341397851,12.49484000000001,27.407920000000047,278.71084188306,-0.3992942476196236,-0.3612562412973119,14.952246021505402,101282.1780577957
Mpanda,2022-04-01,2022,4,,,5.63,5.63,22.033333333333335,11.133333333333333,16.583333333333336,241.99999999999994,RWEGURA,RWEGURA,grid_m3.00_29.50,19.06852780555556,13.530730000000005,26.50740000000002,337.1453276049,-0.6369950617830555,-0.15349303401555556,15.692776305555583,101345.89361111113
Mpanda,2022-05-01,2022,5,,,4.12,4.12,21.76774193548387,11.193548387096772,16.48064516129032,102.8,RWEGURA,RWEGURA,grid_m3.00_29.50,19.26591280913982,13.717740000000049,25.732320000000016,157.79447613809998,-0.6932423505018818,-0.052624261907741936,15.13171821236557,101583.32679435484
Mpanda,2022-06-01,2022,6,,,0.55,0.55,21.34,9.89655172413793,15.618275862068966,2.2,RWEGURA,RWEGURA,grid_m3.00_29.50,18.737948861111136,11.519620000000032,26.474400000000003,16.04270936228,-0.7989447881905556,0.3222574462811111,12.762333500000011,101562.09609027779
Mpanda,2022-07-01,2022,7,,,0.23,0.23,22.28387096774193,9.987096774193548,16.13548387096774,19.5,RWEGURA,RWEGURA,grid_m3.00_29.50,19.380240793010785,11.274260000000027,26.686329999999998,73.91595781414,-0.42662005341209674,0.7904201841923387,11.666264919354887,101600.90139112904
Mpanda,2022-08-01,2022,8,,,0.11,0.11,22.638709677419353,10.793548387096775,16.716129032258063,53.800000000000004,RWEGURA,RWEGURA,grid_m3.00_29.50,19.193336760752743,12.609770000000026,26.62826000000001,183.95709943142,-0.0973740647702957,0.30410485533548387,13.626221599462383,101466.63383736559
Mpanda,2022-09-01,2022,9,,,1.35,1.35,22.723333333333336,10.89655172413793,16.809942528735633,140.5,RWEGURA,RWEGURA,grid_m3.00_29.50,19.373946777777803,13.42147,27.03182000000004,186.51103983326,-0.34160158277041663,-0.11066784440055556,13.965695319444478,101430.30123611112
Mpanda,2022-10-01,2022,10,,,1.87,1.87,21.92758620689655,11.412903225806453,16.6702447163515,130.99999999999997,RWEGURA,RWEGURA,grid_m3.00_29.50,20.147169919354894,13.450900000000047,28.51278000000002,137.15982491,-0.48767518582645164,-0.24761078790389784,13.323206424731211,101332.10880376345
Mpanda,2022-11-01,2022,11,,,7.0,7.0,22.653333333333332,10.63,16.641666666666666,309.3999999999999,RWEGURA,RWEGURA,grid_m3.00_29.50,18.595116347222245,14.109980000000007,26.346220000000017,387.18318836908,-0.14089859779645833,-0.4913632281529167,14.861172402777811,101430.49203472222
Mpanda,2022-12-01,2022,12,1.1606451612903224,1.1606451612903224,5.6,5.6,23.123333333333328,10.600000000000001,16.861666666666665,230.89999999999998,RWEGURA,RWEGURA,grid_m3.00_29.50,18.50795618279568,12.609770000000026,25.567200000000014,355.67760576154,-0.18584987154740054,-0.5121575012118682,14.6982516935484,101418.98239919356
Mpanda,2023-01-01,2023,1,1.0161290322580645,1.0161290322580645,6.57,6.57,24.890322580645158,10.549999999999999,17.72016129032258,123.89999999999999,RWEGURA,RWEGURA,grid_m3.00_29.50,19.060583279569926,12.852200000000039,27.184320000000014,222.5050929214,-0.2377384355637097,-0.6971245235123118,13.731553991935527,101410.95039650537
Mpanda,2023-02-01,2023,2,1.0564285714285713,1.0564285714285713,4.12,4.12,25.619999999999994,11.884,18.751999999999995,127.4,RWEGURA,RWEGURA,grid_m3.00_29.50,19.378365714285735,11.862940000000037,27.934320000000014,248.27957221896,0.07091449695252976,-0.4696083988430521,13.936597425595266,101377.84515624998
Mpanda,2023-03-01,2023,3,1.0935483870967742,1.0935483870967742,7.98,7.98,25.258064516129025,10.974193548387095,18.11612903225806,286.2,RWEGURA,RWEGURA,grid_m3.00_29.50,18.964419220430102,13.682460000000049,27.948750000000018,489.02034718918003,0.030929709275134408,-0.15044134350174732,15.248971115591416,101411.11842069893
Mpanda,2023-04-01,2023,4,1.2519999999999998,1.2519999999999998,15.52,15.52,24.386666666666663,11.163333333333334,17.775,368.8,RWEGURA,RWEGURA,grid_m3.00_29.50,19.06634186111114,14.263760000000048,27.206080000000043,382.05862037682,-0.6574180395159722,-0.17776055478458333,16.003236041666696,101382.04840972222
Mpanda,2023-05-01,2023,5,1.4561290322580642,1.4561290322580642,4.44,4.44,24.499999999999996,11.606451612903227,18.05322580645161,122.60000000000001,RWEGURA,RWEGURA,grid_m3.00_29.50,19.804321720430096,13.87518,27.463900000000024,153.5201069593,-0.7591084712762097,0.016664361436290322,15.289710994623704,101569.35438844087
Mpanda,2023-06-01,2023,6,1.397,1.397,1.08,1.08,24.536666666666665,10.736666666666666,17.636666666666667,31.8,RWEGURA,RWEGURA,grid_m3.00_29.50,19.356256375000044,11.990200000000016,26.85766000000001,81.17914202404,-0.39282762751513894,0.33328779035099165,14.224396902777755,101598.34705555555
Mpanda,2023-07-01,2023,7,0.7386666666666668,0.7386666666666668,0.42,0.42,24.606451612903218,9.816129032258065,17.21129032258064,0.0,RWEGURA,RWEGURA,grid_m3.00_29.50,19.470227567204347,11.032560000000046,27.376059999999995,9.222984311820001,-0.6563583067053763,0.7445260942982527,11.394904059139833,101698.90662634409
Mpanda,2023-08-01,2023,8,0.9387096774193548,0.9387096774193548,0.19,0.19,22.777419354838706,11.30967741935484,17.043548387096774,1.5,RWEGURA,RWEGURA,grid_m3.00_29.50,20.99770256720433,13.805470000000014,30.107200000000034,33.45966309766,-0.5110937353941345,0.5216807708526882,11.997925860215105,101513.4872311828
Mpanda,2023-09-01,2023,9,1.321,1.321,0.13,0.13,21.736666666666668,11.459999999999999,16.598333333333333,198.7,RWEGURA,RWEGURA,grid_m3.00_29.50,19.59500623611109,13.11178000000001,27.755150000000015,423.01702389986,-0.3224260965775,-0.23224264853624998,15.110936055555555,101476.95979166667
Mpanda,2023-10-01,2023,10,1.4764516129032257,1.4764516129032257,1.81,1.81,22.212903225806453,11.319354838709678,16.766129032258064,165.6,RWEGURA,RWEGURA,grid_m3.00_29.50,19.8387995698925,13.90276,27.522670000000005,225.76093658506,-0.6803118996909947,-0.42078354555330644,14.637378575268826,101369.51600806451
Mpanda,2023-11-01,2023,11,1.600333333333333,1.600333333333333,10.81,10.81,20.256666666666664,10.763333333333337,15.510000000000002,422.3,RWEGURA,RWEGURA,grid_m3.00_29.50,18.815440472222235,14.20974000000001,26.21640000000002,491.32204091671997,-0.4031315057402778,-0.38874085845500006,16.06970148611117,101456.86360416668
Mpanda,2023-12-01,2023,12,1.8019354838709676,1.8019354838709676,14.31,14.31,21.796774193548384,11.419354838709674,16.60806451612903,395.5,RWEGURA,RWEGURA,grid_m3.00_29.50,19.358855174731218,13.982400000000041,26.752740000000017,408.17880625754,-0.19208783921592743,-0.3454214322418817,16.253932634408613,101474.11324596773
Mpanda,2024-01-01,2024,1,1.615,1.615,,,21.135483870967736,11.670967741935483,16.40322580645161,218.8,RWEGURA,RWEGURA,grid_m3.00_29.50,18.858627661290313,13.87050000000005,26.866360000000043,575.35171623652,0.31789170548790324,-0.14417759189139787,16.151966061827977,101617.22858870967
Mpanda,2024-02-01,2024,2,1.5627586206896549,1.5627586206896549,,,22.648275862068967,11.717241379310348,17.182758620689658,312.6,RWEGURA,RWEGURA,grid_m3.00_29.50,20.382890890804617,14.558860000000038,27.797450000000026,264.90879049398,-0.16247730270747127,-0.4742794256538793,15.825266063218407,101519.8634841954
Mpanda,2024-03-01,2024,3,1.6435483870967742,1.6435483870967742,,,21.922580645161286,11.967741935483868,16.945161290322577,213.3,RWEGURA,RWEGURA,grid_m3.00_29.50,20.33901334677421,14.638760000000048,27.476920000000007,296.84639054876,-0.5891840352645834,-0.26230369025228495,16.33414655913981,101467.35429435484
Mpanda,2024-04-01,2024,4,1.7229999999999996,1.7229999999999996,,,21.400000000000002,11.640000000000002,16.520000000000003,388.9000000000001,RWEGURA,RWEGURA,grid_m3.00_29.50,19.65230484722224,15.032740000000047,26.047020000000032,428.75719065008,-0.5602040451702778,-0.049957868791527776,16.78528029166671,101483.76621527778
Mpanda,2024-05-01,2024,5,1.413225806451613,1.413225806451613,,,22.325806451612905,11.983870967741936,17.15483870967742,57.2,RWEGURA,RWEGURA,grid_m3.00_29.50,20.600297043010755,14.34023000000002,26.949600000000032,138.36431541620001,-0.43818617465826615,0.18939078337537635,16.11294060483874,101543.58250672044
Mpanda,2024-06-01,2024,6,1.0586666666666666,1.0586666666666666,,,22.23333333333333,10.48333333333333,16.35833333333333,8.6,RWEGURA,RWEGURA,grid_m3.00_29.50,19.453469541666664,10.703760000000045,27.430570000000046,42.38033300686,-0.5551897988709722,0.46303687579458336,13.197185750000017,101634.35318055557
Mpanda,2024-07-01,2024,7,0.9783870967741933,0.9783870967741933,,,22.667741935483868,10.832258064516125,16.749999999999996,0.0,RWEGURA,RWEGURA,grid_m3.00_29.50,19.763781532258122,12.052999999999997,26.949520000000007,37.17947016094,0.2777341414706989,0.5342390186783602,12.691276491935525,101584.62665322582
Mpanda,2024-08-01,2024,8,0.7574193548387096,0.7574193548387096,,,23.290322580645153,10.67741935483871,16.983870967741932,6.6,RWEGURA,RWEGURA,grid_m3.00_29.50,19.87015736559141,11.497460000000046,27.23320000000001,43.9352990163,-0.07701927004354839,0.6592565764731182,12.456986599462368,101530.21947580646
Mpanda,2024-09-01,2024,9,0.924,0.924,,,24.129999999999995,11.286666666666665,17.70833333333333,144.89999999999998,RWEGURA,RWEGURA,grid_m3.00_29.50,20.84620686111117,13.866970000000038,29.278740000000028,134.41705685404,-0.3272794508995833,0.26249107096374996,12.852805972222257,101415.25218750001
Mpanda,2024-10-01,2024,10,0.7777419354838709,0.7777419354838709,,,23.483870967741936,11.06451612903226,17.274193548387096,141.10000000000002,RWEGURA,RWEGURA,grid_m3.00_29.50,19.72223053763446,13.581020000000024,27.33578,393.64719397746,-0.35527510311586025,-0.2741406753495968,14.889553239247334,101481.15721774193
